date,close,source
2014-10-06,2.208000030517578,yfinance
2014-10-07,2.1635000610351565,yfinance
2014-10-08,2.144499969482422,yfinance
2014-10-09,2.216499938964844,yfinance
2014-10-10,2.2039999389648437,yfinance
2014-10-13,2.181000061035156,yfinance
2014-10-14,2.218999938964844,yfinance
2014-10-15,2.16,yfinance
2014-10-16,2.1710000610351563,yfinance
2014-10-17,2.1064999389648436,yfinance
2014-10-20,1.9939999389648437,yfinance
2014-10-21,1.9960000610351563,yfinance
2014-10-22,1.9110000610351563,yfinance
2014-10-23,1.933000030517578,yfinance
2014-10-24,1.915,yfinance
2014-10-27,1.9089999389648438,yfinance
2014-10-28,1.9235000610351562,yfinance
2014-10-29,1.8960000610351562,yfinance
2014-10-30,1.8760000610351562,yfinance
2014-10-31,1.88,yfinance
2014-11-03,1.8585000610351563,yfinance
2014-11-04,1.8819999694824219,yfinance
2014-11-05,1.8625,yfinance
2014-11-06,1.8375,yfinance
2014-11-07,1.8239999389648438,yfinance
2014-11-10,1.8139999389648438,yfinance
2014-11-11,1.8455000305175782,yfinance
2014-11-12,1.8439999389648438,yfinance
2014-11-13,1.8875,yfinance
2014-11-14,1.92,yfinance
2014-11-17,1.875,yfinance
2014-11-18,1.9110000610351563,yfinance
2014-11-19,1.9785000610351562,yfinance
2014-11-20,1.876999969482422,yfinance
2014-11-21,1.8964999389648438,yfinance
2014-11-24,1.8964999389648438,yfinance
2014-11-25,1.9425,yfinance
2014-11-26,1.935,yfinance
2014-11-28,1.8664999389648438,yfinance
2014-12-01,1.8935000610351562,yfinance
2014-12-02,1.8230000305175782,yfinance
2014-12-03,1.8255000305175781,yfinance
2014-12-04,1.8155000305175781,yfinance
2014-12-05,1.7910000610351562,yfinance
2014-12-08,1.7705000305175782,yfinance
2014-12-09,1.794499969482422,yfinance
2014-12-10,1.775500030517578,yfinance
2014-12-11,1.7539999389648437,yfinance
2014-12-12,1.73,yfinance
2014-12-15,1.7764999389648437,yfinance
2014-12-16,1.7669999694824219,yfinance
2014-12-17,1.7085000610351562,yfinance
2014-12-18,1.7364999389648437,yfinance
2014-12-19,1.7469999694824219,yfinance
2014-12-22,1.7214999389648438,yfinance
2014-12-23,1.71,yfinance
2014-12-24,1.7014999389648438,yfinance
2014-12-26,1.6860000610351562,yfinance
2014-12-29,1.6514999389648437,yfinance
2014-12-30,1.6480000305175782,yfinance
2014-12-31,1.6660000610351562,yfinance
2015-01-02,1.610500030517578,yfinance
2015-01-05,1.6810000610351563,yfinance
2015-01-06,1.7489999389648438,yfinance
2015-01-07,1.7505000305175782,yfinance
2015-01-08,1.7689999389648436,yfinance
2015-01-09,1.8005000305175782,yfinance
2015-01-12,1.7675,yfinance
2015-01-13,1.7694999694824218,yfinance
2015-01-14,1.7985000610351562,yfinance
2015-01-15,1.7664999389648437,yfinance
2015-01-16,1.71,yfinance
2015-01-20,1.643000030517578,yfinance
2015-01-21,1.6125,yfinance
2015-01-22,1.599499969482422,yfinance
2015-01-23,1.6244999694824218,yfinance
2015-01-26,1.6185000610351563,yfinance
2015-01-27,1.681999969482422,yfinance
2015-01-28,1.6769999694824218,yfinance
2015-01-29,1.6,yfinance
2015-01-30,1.6189999389648437,yfinance
2015-02-02,1.6244999694824218,yfinance
2015-02-03,1.6075,yfinance
2015-02-04,1.6489999389648438,yfinance
2015-02-05,1.6475,yfinance
2015-02-06,1.6685000610351564,yfinance
2015-02-09,1.6760000610351562,yfinance
2015-02-10,1.5939999389648438,yfinance
2015-02-11,1.5944999694824218,yfinance
2015-02-12,1.6455000305175782,yfinance
2015-02-13,1.6319999694824219,yfinance
2015-02-17,1.5564999389648437,yfinance
2015-02-18,1.528000030517578,yfinance
2015-02-19,1.491999969482422,yfinance
2015-02-20,1.4864999389648437,yfinance
2015-02-23,1.4444999694824219,yfinance
2015-02-24,1.4535000610351563,yfinance
2015-02-25,1.3975,yfinance
2015-02-26,1.3655000305175782,yfinance
2015-02-27,1.3675,yfinance
2015-03-02,1.3510000610351562,yfinance
2015-03-03,1.2625,yfinance
2015-03-04,1.340500030517578,yfinance
2015-03-05,1.3155000305175781,yfinance
2015-03-06,1.365,yfinance
2015-03-09,1.3364999389648438,yfinance
2015-03-10,1.316999969482422,yfinance
2015-03-11,1.2839999389648438,yfinance
2015-03-12,1.2885000610351562,yfinance
2015-03-13,1.264499969482422,yfinance
2015-03-16,1.3489999389648437,yfinance
2015-03-17,1.339499969482422,yfinance
2015-03-18,1.3625,yfinance
2015-03-19,1.4,yfinance
2015-03-20,1.4335000610351563,yfinance
2015-03-23,1.4185000610351564,yfinance
2015-03-24,1.373000030517578,yfinance
2015-03-25,1.399499969482422,yfinance
2015-03-26,1.4025,yfinance
2015-03-27,1.3819999694824219,yfinance
2015-03-30,1.3235000610351562,yfinance
2015-03-31,1.3289999389648437,yfinance
2015-04-01,1.3485000610351563,yfinance
2015-04-02,1.4089999389648438,yfinance
2015-04-06,1.461999969482422,yfinance
2015-04-07,1.419499969482422,yfinance
2015-04-08,1.356999969482422,yfinance
2015-04-09,1.3744999694824218,yfinance
2015-04-10,1.3510000610351562,yfinance
2015-04-13,1.3375,yfinance
2015-04-14,1.3460000610351563,yfinance
2015-04-15,1.3580000305175781,yfinance
2015-04-16,1.3960000610351562,yfinance
2015-04-17,1.3869999694824218,yfinance
2015-04-20,1.3869999694824218,yfinance
2015-04-21,1.403000030517578,yfinance
2015-04-22,1.4239999389648437,yfinance
2015-04-23,1.4044999694824218,yfinance
2015-04-24,1.4114999389648437,yfinance
2015-04-27,1.3610000610351562,yfinance
2015-04-28,1.3814999389648437,yfinance
2015-04-29,1.3835000610351562,yfinance
2015-04-30,1.3655000305175782,yfinance
2015-05-01,1.3344999694824218,yfinance
2015-05-04,1.3185000610351563,yfinance
2015-05-05,1.3255000305175781,yfinance
2015-05-06,1.2805000305175782,yfinance
2015-05-07,1.3085000610351563,yfinance
2015-05-08,1.3289999389648437,yfinance
2015-05-11,1.3335000610351562,yfinance
2015-05-12,1.345,yfinance
2015-05-13,1.3439999389648438,yfinance
2015-05-14,1.3564999389648438,yfinance
2015-05-15,1.3719999694824219,yfinance
2015-05-18,1.4164999389648438,yfinance
2015-05-19,1.3985000610351563,yfinance
2015-05-20,1.36,yfinance
2015-05-21,1.284499969482422,yfinance
2015-05-22,1.2694999694824218,yfinance
2015-05-26,1.2405000305175782,yfinance
2015-05-27,1.245,yfinance
2015-05-28,1.251500015258789,yfinance
2015-05-29,1.261500015258789,yfinance
2015-06-01,1.298000030517578,yfinance
2015-06-02,1.326999969482422,yfinance
2015-06-03,1.3430000305175782,yfinance
2015-06-04,1.356999969482422,yfinance
2015-06-05,1.3510000610351562,yfinance
2015-06-08,1.3655000305175782,yfinance
2015-06-09,1.3735000610351562,yfinance
2015-06-10,1.3644999694824218,yfinance
2015-06-11,1.32,yfinance
2015-06-12,1.320500030517578,yfinance
2015-06-15,1.278000030517578,yfinance
2015-06-16,1.2935000610351564,yfinance
2015-06-17,1.266500015258789,yfinance
2015-06-18,1.286999969482422,yfinance
2015-06-19,1.271500015258789,yfinance
2015-06-22,1.3035000610351561,yfinance
2015-06-23,1.276999969482422,yfinance
2015-06-24,1.3330000305175782,yfinance
2015-06-25,1.3335000610351562,yfinance
2015-06-26,1.316999969482422,yfinance
2015-06-29,1.308000030517578,yfinance
2015-06-30,1.3064999389648437,yfinance
2015-07-01,1.250999984741211,yfinance
2015-07-02,1.2559999847412109,yfinance
2015-07-06,1.2330000305175781,yfinance
2015-07-07,1.229000015258789,yfinance
2015-07-08,1.2315000152587892,yfinance
2015-07-09,1.2275,yfinance
2015-07-10,1.2294999694824218,yfinance
2015-07-13,1.265999984741211,yfinance
2015-07-14,1.2985000610351562,yfinance
2015-07-15,1.28,yfinance
2015-07-16,1.274499969482422,yfinance
2015-07-17,1.27,yfinance
2015-07-20,1.2584999847412108,yfinance
2015-07-21,1.238499984741211,yfinance
2015-07-22,1.2505000305175782,yfinance
2015-07-23,1.215500030517578,yfinance
2015-07-24,1.2225,yfinance
2015-07-27,1.204000015258789,yfinance
2015-07-28,1.2025,yfinance
2015-07-29,1.2215000152587892,yfinance
2015-07-30,1.249000015258789,yfinance
2015-07-31,1.2525,yfinance
2015-08-03,1.2394999694824218,yfinance
2015-08-04,1.249000015258789,yfinance
2015-08-05,1.259000015258789,yfinance
2015-08-06,1.2425,yfinance
2015-08-07,1.278000030517578,yfinance
2015-08-10,1.335,yfinance
2015-08-11,1.3719999694824219,yfinance
2015-08-12,1.3185000610351563,yfinance
2015-08-13,1.370500030517578,yfinance
2015-08-14,1.375,yfinance
2015-08-17,1.3475,yfinance
2015-08-18,1.3530000305175782,yfinance
2015-08-19,1.3114999389648438,yfinance
2015-08-20,1.276500015258789,yfinance
2015-08-21,1.219000015258789,yfinance
2015-08-24,1.175,yfinance
2015-08-25,1.1705000305175781,yfinance
2015-08-26,1.1869999694824218,yfinance
2015-08-27,1.2105000305175782,yfinance
2015-08-28,1.2044999694824219,yfinance
2015-08-31,1.205500030517578,yfinance
2015-09-01,1.1705000305175781,yfinance
2015-09-02,1.1469999694824218,yfinance
2015-09-03,1.161999969482422,yfinance
2015-09-04,1.158499984741211,yfinance
2015-09-08,1.1769999694824218,yfinance
2015-09-09,1.1780000305175782,yfinance
2015-09-10,1.130500030517578,yfinance
2015-09-11,1.1334999847412108,yfinance
2015-09-14,1.17,yfinance
2015-09-15,1.155,yfinance
2015-09-16,1.1380000305175781,yfinance
2015-09-17,1.135,yfinance
2015-09-18,1.1334999847412108,yfinance
2015-09-21,1.1725,yfinance
2015-09-22,1.1544999694824218,yfinance
2015-09-23,1.161999969482422,yfinance
2015-09-24,1.183000030517578,yfinance
2015-09-25,1.2269999694824218,yfinance
2015-09-28,1.1915000152587891,yfinance
2015-09-29,1.208499984741211,yfinance
2015-09-30,1.213499984741211,yfinance
2015-10-01,1.2075,yfinance
2015-10-02,1.2430000305175781,yfinance
2015-10-05,1.275500030517578,yfinance
2015-10-06,1.2810000610351562,yfinance
2015-10-07,1.2605000305175782,yfinance
2015-10-08,1.284499969482422,yfinance
2015-10-09,1.3160000610351563,yfinance
2015-10-12,1.345,yfinance
2015-10-13,1.3435000610351562,yfinance
2015-10-14,1.3464999389648438,yfinance
2015-10-15,1.336999969482422,yfinance
2015-10-16,1.2584999847412108,yfinance
2015-10-19,1.239000015258789,yfinance
2015-10-20,1.2475,yfinance
2015-10-21,1.21,yfinance
2015-10-22,1.198499984741211,yfinance
2015-10-23,1.1844999694824219,yfinance
2015-10-26,1.173000030517578,yfinance
2015-10-27,1.173000030517578,yfinance
2015-10-28,1.190999984741211,yfinance
2015-10-29,1.203000030517578,yfinance
2015-10-30,1.2094999694824218,yfinance
2015-11-02,1.1880000305175782,yfinance
2015-11-03,1.2025,yfinance
2015-11-04,1.205,yfinance
2015-11-05,1.209000015258789,yfinance
2015-11-06,1.1775,yfinance
2015-11-09,1.1775,yfinance
2015-11-10,1.163000030517578,yfinance
2015-11-11,1.1680000305175782,yfinance
2015-11-12,1.153000030517578,yfinance
2015-11-13,1.121500015258789,yfinance
2015-11-16,1.1434999847412108,yfinance
2015-11-17,1.1425,yfinance
2015-11-18,1.1275,yfinance
2015-11-19,1.199000015258789,yfinance
2015-11-20,1.219000015258789,yfinance
2015-11-23,1.1994999694824218,yfinance
2015-11-24,1.224499969482422,yfinance
2015-11-25,1.229000015258789,yfinance
2015-11-27,1.21,yfinance
2015-11-30,1.1690000152587892,yfinance
2015-12-01,1.171500015258789,yfinance
2015-12-02,1.1780000305175782,yfinance
2015-12-03,1.2205000305175782,yfinance
2015-12-04,1.24,yfinance
2015-12-07,1.226500015258789,yfinance
2015-12-08,1.2225,yfinance
2015-12-09,1.238499984741211,yfinance
2015-12-10,1.226500015258789,yfinance
2015-12-11,1.180999984741211,yfinance
2015-12-14,1.1725,yfinance
2015-12-15,1.156500015258789,yfinance
2015-12-16,1.180999984741211,yfinance
2015-12-17,1.1780000305175782,yfinance
2015-12-18,1.1844999694824219,yfinance
2015-12-21,1.175,yfinance
2015-12-22,1.1915000152587891,yfinance
2015-12-23,1.2094999694824218,yfinance
2015-12-24,1.1969999694824218,yfinance
2015-12-28,1.1915000152587891,yfinance
2015-12-29,1.214499969482422,yfinance
2015-12-30,1.236500015258789,yfinance
2015-12-31,1.2669999694824219,yfinance
2016-01-04,1.239000015258789,yfinance
2016-01-05,1.23,yfinance
2016-01-06,1.1994999694824218,yfinance
2016-01-07,1.1844999694824219,yfinance
2016-01-08,1.19,yfinance
2016-01-11,1.1444999694824218,yfinance
2016-01-12,1.1434999847412108,yfinance
2016-01-13,1.1480000305175782,yfinance
2016-01-14,1.1590000152587892,yfinance
2016-01-15,1.1490000152587891,yfinance
2016-01-19,1.156500015258789,yfinance
2016-01-20,1.115999984741211,yfinance
2016-01-21,1.144000015258789,yfinance
2016-01-22,1.16,yfinance
2016-01-25,1.1644999694824218,yfinance
2016-01-26,1.1669999694824218,yfinance
2016-01-27,1.181999969482422,yfinance
2016-01-28,1.1915000152587891,yfinance
2016-01-29,1.1634999847412109,yfinance
2016-02-01,1.1775,yfinance
2016-02-02,1.198499984741211,yfinance
2016-02-03,1.215500030517578,yfinance
2016-02-04,1.231999969482422,yfinance
2016-02-05,1.204000015258789,yfinance
2016-02-08,1.1575,yfinance
2016-02-09,1.1475,yfinance
2016-02-10,1.1475,yfinance
2016-02-11,1.13,yfinance
2016-02-12,1.1555000305175782,yfinance
2016-02-16,1.1490000152587891,yfinance
2016-02-17,1.1455000305175782,yfinance
2016-02-18,1.141500015258789,yfinance
2016-02-19,1.1575,yfinance
2016-02-22,1.198499984741211,yfinance
2016-02-23,1.1780000305175782,yfinance
2016-02-24,1.150500030517578,yfinance
2016-02-25,1.146500015258789,yfinance
2016-02-26,1.13,yfinance
2016-02-29,1.126500015258789,yfinance
2016-03-01,1.125,yfinance
2016-03-02,1.1334999847412108,yfinance
2016-03-03,1.155999984741211,yfinance
2016-03-04,1.1880000305175782,yfinance
2016-03-07,1.186500015258789,yfinance
2016-03-08,1.201999969482422,yfinance
2016-03-09,1.208499984741211,yfinance
2016-03-10,1.2059999847412108,yfinance
2016-03-11,1.2440000152587891,yfinance
2016-03-14,1.2559999847412109,yfinance
2016-03-15,1.240999984741211,yfinance
2016-03-16,1.2740000152587891,yfinance
2016-03-17,1.32,yfinance
2016-03-18,1.3385000610351563,yfinance
2016-03-21,1.3155000305175781,yfinance
2016-03-22,1.3464999389648438,yfinance
2016-03-23,1.3110000610351562,yfinance
2016-03-24,1.275500030517578,yfinance
2016-03-28,1.285500030517578,yfinance
2016-03-29,1.274499969482422,yfinance
2016-03-30,1.27,yfinance
2016-03-31,1.274499969482422,yfinance
2016-04-01,1.2725,yfinance
2016-04-04,1.2280000305175782,yfinance
2016-04-05,1.209000015258789,yfinance
2016-04-06,1.215,yfinance
2016-04-07,1.1980000305175782,yfinance
2016-04-08,1.2044999694824219,yfinance
2016-04-11,1.233499984741211,yfinance
2016-04-12,1.2459999847412109,yfinance
2016-04-13,1.2175,yfinance
2016-04-14,1.2315000152587892,yfinance
2016-04-15,1.2294999694824218,yfinance
2016-04-18,1.24,yfinance
2016-04-19,1.2584999847412108,yfinance
2016-04-20,1.271500015258789,yfinance
2016-04-21,1.235500030517578,yfinance
2016-04-22,1.2275,yfinance
2016-04-25,1.230999984741211,yfinance
2016-04-26,1.2525,yfinance
2016-04-27,1.2105000305175782,yfinance
2016-04-28,1.204000015258789,yfinance
2016-04-29,1.208499984741211,yfinance
2016-05-02,1.190999984741211,yfinance
2016-05-03,1.185999984741211,yfinance
2016-05-04,1.190999984741211,yfinance
2016-05-05,1.209000015258789,yfinance
2016-05-06,1.234499969482422,yfinance
2016-05-09,1.251500015258789,yfinance
2016-05-10,1.269000015258789,yfinance
2016-05-11,1.279000015258789,yfinance
2016-05-12,1.2819999694824218,yfinance
2016-05-13,1.288000030517578,yfinance
2016-05-16,1.326999969482422,yfinance
2016-05-17,1.3185000610351563,yfinance
2016-05-18,1.2930000305175782,yfinance
2016-05-19,1.2394999694824218,yfinance
2016-05-20,1.2469999694824219,yfinance
2016-05-23,1.2215000152587892,yfinance
2016-05-24,1.2180000305175782,yfinance
2016-05-25,1.214000015258789,yfinance
2016-05-26,1.215,yfinance
2016-05-27,1.213000030517578,yfinance
2016-05-31,1.215500030517578,yfinance
2016-06-01,1.219000015258789,yfinance
2016-06-02,1.23,yfinance
2016-06-03,1.270999984741211,yfinance
2016-06-06,1.316999969482422,yfinance
2016-06-07,1.3219999694824218,yfinance
2016-06-08,1.3964999389648438,yfinance
2016-06-09,1.339499969482422,yfinance
2016-06-10,1.369499969482422,yfinance
2016-06-13,1.373000030517578,yfinance
2016-06-14,1.3510000610351562,yfinance
2016-06-15,1.3819999694824219,yfinance
2016-06-16,1.395,yfinance
2016-06-17,1.4075,yfinance
2016-06-20,1.395,yfinance
2016-06-21,1.385,yfinance
2016-06-22,1.369499969482422,yfinance
2016-06-23,1.3925,yfinance
2016-06-24,1.3435000610351562,yfinance
2016-06-27,1.345,yfinance
2016-06-28,1.3889999389648438,yfinance
2016-06-29,1.4285000610351561,yfinance
2016-06-30,1.4410000610351563,yfinance
2016-07-01,1.4485000610351562,yfinance
2016-07-05,1.441999969482422,yfinance
2016-07-06,1.419499969482422,yfinance
2016-07-07,1.4044999694824218,yfinance
2016-07-08,1.4275,yfinance
2016-07-11,1.4794999694824218,yfinance
2016-07-12,1.4594999694824218,yfinance
2016-07-13,1.461999969482422,yfinance
2016-07-14,1.5030000305175781,yfinance
2016-07-15,1.4569999694824218,yfinance
2016-07-18,1.4780000305175782,yfinance
2016-07-19,1.4464999389648439,yfinance
2016-07-20,1.47,yfinance
2016-07-21,1.4685000610351562,yfinance
2016-07-22,1.4189999389648438,yfinance
2016-07-25,1.4110000610351563,yfinance
2016-07-26,1.4160000610351562,yfinance
2016-07-27,1.411999969482422,yfinance
2016-07-28,1.4214999389648437,yfinance
2016-07-29,1.461999969482422,yfinance
2016-08-01,1.4344999694824219,yfinance
2016-08-02,1.4125,yfinance
2016-08-03,1.4039999389648437,yfinance
2016-08-04,1.4210000610351563,yfinance
2016-08-05,1.425,yfinance
2016-08-08,1.4110000610351563,yfinance
2016-08-09,1.4110000610351563,yfinance
2016-08-10,1.3864999389648438,yfinance
2016-08-11,1.376999969482422,yfinance
2016-08-12,1.3685000610351563,yfinance
2016-08-15,1.369499969482422,yfinance
2016-08-16,1.3739999389648438,yfinance
2016-08-17,1.350500030517578,yfinance
2016-08-18,1.3814999389648437,yfinance
2016-08-19,1.3880000305175781,yfinance
2016-08-22,1.4410000610351563,yfinance
2016-08-23,1.453000030517578,yfinance
2016-08-24,1.4214999389648437,yfinance
2016-08-25,1.435,yfinance
2016-08-26,1.4389999389648438,yfinance
2016-08-29,1.44,yfinance
2016-08-30,1.4475,yfinance
2016-08-31,1.4589999389648438,yfinance
2016-09-01,1.5010000610351562,yfinance
2016-09-02,1.5010000610351562,yfinance
2016-09-06,1.524499969482422,yfinance
2016-09-07,1.5385000610351562,yfinance
2016-09-08,1.536999969482422,yfinance
2016-09-09,1.4994999694824218,yfinance
2016-09-12,1.4969999694824219,yfinance
2016-09-13,1.4735000610351563,yfinance
2016-09-14,1.4780000305175782,yfinance
2016-09-15,1.4760000610351562,yfinance
2016-09-16,1.4710000610351563,yfinance
2016-09-19,1.515,yfinance
2016-09-20,1.555,yfinance
2016-09-21,1.5655000305175781,yfinance
2016-09-22,1.5525,yfinance
2016-09-23,1.5139999389648438,yfinance
2016-09-26,1.535500030517578,yfinance
2016-09-27,1.536999969482422,yfinance
2016-09-28,1.5310000610351562,yfinance
2016-09-29,1.5014999389648438,yfinance
2016-09-30,1.515500030517578,yfinance
2016-10-03,1.475500030517578,yfinance
2016-10-04,1.474499969482422,yfinance
2016-10-05,1.481999969482422,yfinance
2016-10-06,1.4639999389648437,yfinance
2016-10-07,1.48,yfinance
2016-10-11,1.508000030517578,yfinance
2016-10-12,1.5210000610351562,yfinance
2016-10-13,1.526999969482422,yfinance
2016-10-14,1.5539999389648438,yfinance
2016-10-17,1.5710000610351562,yfinance
2016-10-18,1.5875,yfinance
2016-10-19,1.5785000610351563,yfinance
2016-10-20,1.5589999389648437,yfinance
2016-10-21,1.5610000610351562,yfinance
2016-10-24,1.5789999389648437,yfinance
2016-10-25,1.645,yfinance
2016-10-26,1.6369999694824218,yfinance
2016-10-27,1.6480000305175782,yfinance
2016-10-28,1.655,yfinance
2016-10-31,1.6414999389648437,yfinance
2016-11-01,1.6144999694824218,yfinance
2016-11-02,1.6289999389648437,yfinance
2016-11-03,1.6564999389648438,yfinance
2016-11-04,1.7135000610351563,yfinance
2016-11-07,1.7435000610351563,yfinance
2016-11-08,1.675,yfinance
2016-11-09,1.7010000610351563,yfinance
2016-11-10,1.6185000610351563,yfinance
2016-11-14,1.6180000305175781,yfinance
2016-11-15,1.6180000305175781,yfinance
2016-11-16,1.6125,yfinance
2016-11-17,1.5930000305175782,yfinance
2016-11-18,1.5785000610351563,yfinance
2016-11-21,1.5864999389648438,yfinance
2016-11-22,1.5725,yfinance
2016-11-23,1.5464999389648437,yfinance
2016-11-25,1.5230000305175782,yfinance
2016-11-28,1.53,yfinance
2016-11-29,1.4989999389648438,yfinance
2016-11-30,1.475,yfinance
2016-12-01,1.4180000305175782,yfinance
2016-12-02,1.411999969482422,yfinance
2016-12-05,1.401999969482422,yfinance
2016-12-06,1.379499969482422,yfinance
2016-12-07,1.3789999389648437,yfinance
2016-12-08,1.3760000610351562,yfinance
2016-12-09,1.3555000305175782,yfinance
2016-12-12,1.380500030517578,yfinance
2016-12-13,1.3889999389648438,yfinance
2016-12-14,1.4025,yfinance
2016-12-15,1.383000030517578,yfinance
2016-12-16,1.3819999694824219,yfinance
2016-12-19,1.411999969482422,yfinance
2016-12-20,1.4385000610351562,yfinance
2016-12-21,1.445500030517578,yfinance
2016-12-22,1.3910000610351563,yfinance
2016-12-23,1.3614999389648437,yfinance
2016-12-27,1.3419999694824218,yfinance
2016-12-28,1.335,yfinance
2016-12-29,1.3544999694824218,yfinance
2016-12-30,1.370500030517578,yfinance
2017-01-03,1.3739999389648438,yfinance
2017-01-04,1.4180000305175782,yfinance
2017-01-05,1.4375,yfinance
2017-01-06,1.4285000610351561,yfinance
2017-01-09,1.441999969482422,yfinance
2017-01-10,1.4769999694824218,yfinance
2017-01-11,1.49,yfinance
2017-01-12,1.4960000610351563,yfinance
2017-01-13,1.4930000305175781,yfinance
2017-01-17,1.4989999389648438,yfinance
2017-01-18,1.491999969482422,yfinance
2017-01-19,1.5075,yfinance
2017-01-20,1.5319999694824218,yfinance
2017-01-23,1.5539999389648438,yfinance
2017-01-24,1.5235000610351563,yfinance
2017-01-25,1.5289999389648437,yfinance
2017-01-26,1.514499969482422,yfinance
2017-01-27,1.5239999389648438,yfinance
2017-01-30,1.5114999389648438,yfinance
2017-01-31,1.495500030517578,yfinance
2017-02-01,1.5014999389648438,yfinance
2017-02-02,1.4594999694824218,yfinance
2017-02-03,1.4625,yfinance
2017-02-06,1.441999969482422,yfinance
2017-02-07,1.4260000610351562,yfinance
2017-02-08,1.4289999389648438,yfinance
2017-02-09,1.451999969482422,yfinance
2017-02-10,1.4575,yfinance
2017-02-13,1.4425,yfinance
2017-02-14,1.4364999389648438,yfinance
2017-02-15,1.445,yfinance
2017-02-16,1.463000030517578,yfinance
2017-02-17,1.4780000305175782,yfinance
2017-02-21,1.5035000610351563,yfinance
2017-02-22,1.491999969482422,yfinance
2017-02-23,1.4785000610351562,yfinance
2017-02-24,1.4439999389648437,yfinance
2017-02-27,1.3910000610351563,yfinance
2017-02-28,1.4069999694824218,yfinance
2017-03-01,1.4264999389648438,yfinance
2017-03-02,1.421999969482422,yfinance
2017-03-03,1.4125,yfinance
2017-03-06,1.3964999389648438,yfinance
2017-03-07,1.39,yfinance
2017-03-08,1.400500030517578,yfinance
2017-03-09,1.3875,yfinance
2017-03-10,1.3964999389648438,yfinance
2017-03-13,1.405,yfinance
2017-03-14,1.3960000610351562,yfinance
2017-03-15,1.3919999694824219,yfinance
2017-03-16,1.3975,yfinance
2017-03-17,1.4080000305175782,yfinance
2017-03-20,1.44,yfinance
2017-03-21,1.435,yfinance
2017-03-22,1.4169999694824218,yfinance
2017-03-23,1.405,yfinance
2017-03-24,1.3760000610351562,yfinance
2017-03-27,1.3919999694824219,yfinance
2017-03-28,1.3885000610351563,yfinance
2017-03-29,1.393000030517578,yfinance
2017-03-30,1.393000030517578,yfinance
2017-03-31,1.393000030517578,yfinance
2017-04-03,1.3785000610351563,yfinance
2017-04-04,1.3775,yfinance
2017-04-05,1.373000030517578,yfinance
2017-04-06,1.3775,yfinance
2017-04-07,1.400500030517578,yfinance
2017-04-10,1.3985000610351563,yfinance
2017-04-11,1.401999969482422,yfinance
2017-04-12,1.383000030517578,yfinance
2017-04-13,1.3889999389648438,yfinance
2017-04-17,1.4110000610351563,yfinance
2017-04-18,1.4289999389648438,yfinance
2017-04-19,1.38,yfinance
2017-04-20,1.3164999389648437,yfinance
2017-04-21,1.2985000610351562,yfinance
2017-04-24,1.295,yfinance
2017-04-25,1.2989999389648437,yfinance
2017-04-26,1.2814999389648438,yfinance
2017-04-27,1.270999984741211,yfinance
2017-04-28,1.310500030517578,yfinance
2017-05-01,1.3360000610351563,yfinance
2017-05-02,1.34,yfinance
2017-05-03,1.35,yfinance
2017-05-04,1.326999969482422,yfinance
2017-05-05,1.3310000610351562,yfinance
2017-05-08,1.3455000305175782,yfinance
2017-05-09,1.328000030517578,yfinance
2017-05-10,1.3430000305175782,yfinance
2017-05-11,1.3189999389648437,yfinance
2017-05-12,1.3260000610351563,yfinance
2017-05-15,1.3125,yfinance
2017-05-16,1.2925,yfinance
2017-05-17,1.3219999694824218,yfinance
2017-05-18,1.2740000152587891,yfinance
2017-05-19,1.3210000610351562,yfinance
2017-05-22,1.3060000610351563,yfinance
2017-05-23,1.3025,yfinance
2017-05-24,1.285500030517578,yfinance
2017-05-25,1.2930000305175782,yfinance
2017-05-26,1.3119999694824218,yfinance
2017-05-30,1.3210000610351562,yfinance
2017-05-31,1.2935000610351564,yfinance
2017-06-01,1.276999969482422,yfinance
2017-06-02,1.255500030517578,yfinance
2017-06-05,1.284499969482422,yfinance
2017-06-06,1.255500030517578,yfinance
2017-06-07,1.2575,yfinance
2017-06-08,1.263499984741211,yfinance
2017-06-09,1.265500030517578,yfinance
2017-06-12,1.275999984741211,yfinance
2017-06-13,1.2640000152587891,yfinance
2017-06-14,1.255500030517578,yfinance
2017-06-15,1.258000030517578,yfinance
2017-06-16,1.235500030517578,yfinance
2017-06-19,1.241999969482422,yfinance
2017-06-20,1.2194999694824218,yfinance
2017-06-21,1.1934999847412109,yfinance
2017-06-22,1.1344999694824218,yfinance
2017-06-23,1.1994999694824218,yfinance
2017-06-26,1.2194999694824218,yfinance
2017-06-27,1.2275,yfinance
2017-06-28,1.2275,yfinance
2017-06-29,1.2475,yfinance
2017-06-30,1.2405000305175782,yfinance
2017-07-03,1.2584999847412108,yfinance
2017-07-05,1.276500015258789,yfinance
2017-07-06,1.2675,yfinance
2017-07-07,1.265500030517578,yfinance
2017-07-10,1.2625,yfinance
2017-07-11,1.244499969482422,yfinance
2017-07-12,1.26,yfinance
2017-07-13,1.2935000610351564,yfinance
2017-07-14,1.316999969482422,yfinance
2017-07-17,1.3155000305175781,yfinance
2017-07-18,1.3189999389648437,yfinance
2017-07-19,1.3119999694824218,yfinance
2017-07-20,1.35,yfinance
2017-07-21,1.3655000305175782,yfinance
2017-07-24,1.3255000305175781,yfinance
2017-07-25,1.3060000610351563,yfinance
2017-07-26,1.348000030517578,yfinance
2017-07-27,1.359499969482422,yfinance
2017-07-28,1.3785000610351563,yfinance
2017-07-31,1.3925,yfinance
2017-08-01,1.3785000610351563,yfinance
2017-08-02,1.4035000610351562,yfinance
2017-08-03,1.401999969482422,yfinance
2017-08-04,1.4014999389648437,yfinance
2017-08-07,1.4205000305175781,yfinance
2017-08-08,1.4275,yfinance
2017-08-09,1.4264999389648438,yfinance
2017-08-10,1.385,yfinance
2017-08-11,1.403000030517578,yfinance
2017-08-14,1.369499969482422,yfinance
2017-08-15,1.32,yfinance
2017-08-16,1.3094999694824219,yfinance
2017-08-17,1.284499969482422,yfinance
2017-08-18,1.2805000305175782,yfinance
2017-08-21,1.2640000152587891,yfinance
2017-08-22,1.2584999847412108,yfinance
2017-08-23,1.2625,yfinance
2017-08-24,1.2669999694824219,yfinance
2017-08-25,1.3019999694824218,yfinance
2017-08-28,1.2989999389648437,yfinance
2017-08-29,1.2730000305175782,yfinance
2017-08-30,1.2694999694824218,yfinance
2017-08-31,1.2814999389648438,yfinance
2017-09-01,1.2775,yfinance
2017-09-05,1.265,yfinance
2017-09-06,1.265999984741211,yfinance
2017-09-07,1.279000015258789,yfinance
2017-09-08,1.2939999389648438,yfinance
2017-09-11,1.3060000610351563,yfinance
2017-09-12,1.338000030517578,yfinance
2017-09-13,1.3660000610351561,yfinance
2017-09-14,1.3585000610351563,yfinance
2017-09-15,1.4,yfinance
2017-09-18,1.389499969482422,yfinance
2017-09-19,1.339499969482422,yfinance
2017-09-20,1.3655000305175782,yfinance
2017-09-21,1.35,yfinance
2017-09-22,1.3444999694824218,yfinance
2017-09-25,1.3155000305175781,yfinance
2017-09-26,1.3225,yfinance
2017-09-27,1.2935000610351564,yfinance
2017-09-28,1.285,yfinance
2017-09-29,1.2805000305175782,yfinance
2017-10-02,1.2719999694824218,yfinance
2017-10-03,1.254499969482422,yfinance
2017-10-04,1.251500015258789,yfinance
2017-10-05,1.2719999694824218,yfinance
2017-10-06,1.3,yfinance
2017-10-09,1.3094999694824219,yfinance
2017-10-10,1.31,yfinance
2017-10-11,1.268000030517578,yfinance
2017-10-12,1.263499984741211,yfinance
2017-10-13,1.264499969482422,yfinance
2017-10-16,1.2375,yfinance
2017-10-17,1.2415000152587892,yfinance
2017-10-18,1.2430000305175781,yfinance
2017-10-19,1.2684999847412108,yfinance
2017-10-20,1.2525,yfinance
2017-10-23,1.243499984741211,yfinance
2017-10-24,1.231999969482422,yfinance
2017-10-25,1.240999984741211,yfinance
2017-10-26,1.245500030517578,yfinance
2017-10-27,1.265999984741211,yfinance
2017-10-30,1.259000015258789,yfinance
2017-10-31,1.250999984741211,yfinance
2017-11-01,1.2294999694824218,yfinance
2017-11-02,1.2640000152587891,yfinance
2017-11-03,1.2394999694824218,yfinance
2017-11-06,1.255500030517578,yfinance
2017-11-07,1.2469999694824219,yfinance
2017-11-08,1.2575,yfinance
2017-11-09,1.2640000152587891,yfinance
2017-11-10,1.275500030517578,yfinance
2017-11-13,1.275999984741211,yfinance
2017-11-14,1.2705000305175782,yfinance
2017-11-15,1.2675,yfinance
2017-11-16,1.2669999694824219,yfinance
2017-11-17,1.2380000305175782,yfinance
2017-11-20,1.229000015258789,yfinance
2017-11-21,1.238499984741211,yfinance
2017-11-22,1.245500030517578,yfinance
2017-11-24,1.248000030517578,yfinance
2017-11-27,1.255500030517578,yfinance
2017-11-28,1.274499969482422,yfinance
2017-11-29,1.2960000610351563,yfinance
2017-11-30,1.2630000305175781,yfinance
2017-12-01,1.275500030517578,yfinance
2017-12-04,1.2675,yfinance
2017-12-05,1.2594999694824218,yfinance
2017-12-06,1.248499984741211,yfinance
2017-12-07,1.208499984741211,yfinance
2017-12-08,1.2059999847412108,yfinance
2017-12-11,1.19,yfinance
2017-12-12,1.1705000305175781,yfinance
2017-12-13,1.189499969482422,yfinance
2017-12-14,1.1915000152587891,yfinance
2017-12-15,1.169499969482422,yfinance
2017-12-18,1.185500030517578,yfinance
2017-12-19,1.2175,yfinance
2017-12-20,1.2315000152587892,yfinance
2017-12-21,1.2225,yfinance
2017-12-22,1.204000015258789,yfinance
2017-12-26,1.221999969482422,yfinance
2017-12-27,1.245,yfinance
2017-12-28,1.248000030517578,yfinance
2017-12-29,1.2619999694824218,yfinance
2018-01-02,1.3019999694824218,yfinance
2018-01-03,1.2860000610351563,yfinance
2018-01-04,1.2955000305175781,yfinance
2018-01-05,1.284499969482422,yfinance
2018-01-08,1.251500015258789,yfinance
2018-01-09,1.251500015258789,yfinance
2018-01-10,1.2394999694824218,yfinance
2018-01-11,1.2280000305175782,yfinance
2018-01-12,1.2225,yfinance
2018-01-16,1.2044999694824219,yfinance
2018-01-17,1.230999984741211,yfinance
2018-01-18,1.210999984741211,yfinance
2018-01-19,1.2125,yfinance
2018-01-22,1.225500030517578,yfinance
2018-01-23,1.2094999694824218,yfinance
2018-01-24,1.225,yfinance
2018-01-25,1.236500015258789,yfinance
2018-01-26,1.251500015258789,yfinance
2018-01-29,1.2494999694824218,yfinance
2018-01-30,1.223000030517578,yfinance
2018-01-31,1.218499984741211,yfinance
2018-02-01,1.214000015258789,yfinance
2018-02-02,1.204000015258789,yfinance
2018-02-05,1.1980000305175782,yfinance
2018-02-06,1.228499984741211,yfinance
2018-02-07,1.2330000305175781,yfinance
2018-02-08,1.228499984741211,yfinance
2018-02-09,1.218499984741211,yfinance
2018-02-12,1.214000015258789,yfinance
2018-02-13,1.2275,yfinance
2018-02-14,1.2280000305175782,yfinance
2018-02-15,1.2175,yfinance
2018-02-16,1.179499969482422,yfinance
2018-02-20,1.181999969482422,yfinance
2018-02-21,1.169499969482422,yfinance
2018-02-22,1.1959999847412108,yfinance
2018-02-23,1.1944999694824219,yfinance
2018-02-26,1.205,yfinance
2018-02-27,1.1994999694824218,yfinance
2018-02-28,1.2105000305175782,yfinance
2018-03-01,1.224499969482422,yfinance
2018-03-02,1.203499984741211,yfinance
2018-03-05,1.191999969482422,yfinance
2018-03-06,1.1994999694824218,yfinance
2018-03-07,1.193000030517578,yfinance
2018-03-08,1.19,yfinance
2018-03-09,1.188499984741211,yfinance
2018-03-12,1.1815000152587891,yfinance
2018-03-13,1.2044999694824219,yfinance
2018-03-14,1.1994999694824218,yfinance
2018-03-15,1.176500015258789,yfinance
2018-03-16,1.169499969482422,yfinance
2018-03-19,1.1834999847412109,yfinance
2018-03-20,1.189499969482422,yfinance
2018-03-21,1.188499984741211,yfinance
2018-03-22,1.19,yfinance
2018-03-23,1.171999969482422,yfinance
2018-03-26,1.1815000152587891,yfinance
2018-03-27,1.189499969482422,yfinance
2018-03-28,1.1775,yfinance
2018-03-29,1.1815000152587891,yfinance
2018-04-02,1.164000015258789,yfinance
2018-04-03,1.165999984741211,yfinance
2018-04-04,1.1690000152587892,yfinance
2018-04-05,1.1755000305175782,yfinance
2018-04-06,1.1744999694824219,yfinance
2018-04-09,1.186500015258789,yfinance
2018-04-10,1.175999984741211,yfinance
2018-04-11,1.1815000152587891,yfinance
2018-04-12,1.1790000152587892,yfinance
2018-04-13,1.173000030517578,yfinance
2018-04-16,1.1425,yfinance
2018-04-17,1.1355000305175782,yfinance
2018-04-18,1.1490000152587891,yfinance
2018-04-19,1.1425,yfinance
2018-04-20,1.1575,yfinance
2018-04-23,1.17,yfinance
2018-04-24,1.185,yfinance
2018-04-25,1.168499984741211,yfinance
2018-04-26,1.175999984741211,yfinance
2018-04-27,1.203499984741211,yfinance
2018-04-30,1.206500015258789,yfinance
2018-05-01,1.2259999847412109,yfinance
2018-05-02,1.2159999847412108,yfinance
2018-05-03,1.221999969482422,yfinance
2018-05-04,1.2044999694824219,yfinance
2018-05-07,1.181999969482422,yfinance
2018-05-08,1.1655000305175782,yfinance
2018-05-09,1.155,yfinance
2018-05-10,1.163000030517578,yfinance
2018-05-11,1.1525,yfinance
2018-05-14,1.136500015258789,yfinance
2018-05-15,1.1290000152587891,yfinance
2018-05-16,1.1325,yfinance
2018-05-17,1.138499984741211,yfinance
2018-05-18,1.139499969482422,yfinance
2018-05-21,1.201999969482422,yfinance
2018-05-22,1.208499984741211,yfinance
2018-05-23,1.1934999847412109,yfinance
2018-05-24,1.205500030517578,yfinance
2018-05-25,1.204000015258789,yfinance
2018-05-29,1.2025,yfinance
2018-05-30,1.203000030517578,yfinance
2018-05-31,1.2369999694824219,yfinance
2018-06-01,1.2275,yfinance
2018-06-04,1.215,yfinance
2018-06-05,1.1944999694824219,yfinance
2018-06-06,1.1825,yfinance
2018-06-07,1.1569999694824218,yfinance
2018-06-08,1.1725,yfinance
2018-06-11,1.170999984741211,yfinance
2018-06-12,1.1734999847412109,yfinance
2018-06-13,1.1634999847412109,yfinance
2018-06-14,1.1569999694824218,yfinance
2018-06-15,1.151999969482422,yfinance
2018-06-18,1.1444999694824218,yfinance
2018-06-19,1.140999984741211,yfinance
2018-06-20,1.136500015258789,yfinance
2018-06-21,1.125999984741211,yfinance
2018-06-22,1.138499984741211,yfinance
2018-06-25,1.141500015258789,yfinance
2018-06-26,1.1480000305175782,yfinance
2018-06-27,1.143000030517578,yfinance
2018-06-28,1.121500015258789,yfinance
2018-06-29,1.115,yfinance
2018-07-02,1.078000030517578,yfinance
2018-07-03,1.083499984741211,yfinance
2018-07-05,1.0630000305175782,yfinance
2018-07-06,1.1125,yfinance
2018-07-09,1.1219999694824219,yfinance
2018-07-10,1.119499969482422,yfinance
2018-07-11,1.0919999694824218,yfinance
2018-07-12,1.086999969482422,yfinance
2018-07-13,1.070500030517578,yfinance
2018-07-16,1.0744999694824218,yfinance
2018-07-17,1.056999969482422,yfinance
2018-07-18,1.045999984741211,yfinance
2018-07-19,1.0525,yfinance
2018-07-20,1.1065000152587892,yfinance
2018-07-23,1.1165000152587892,yfinance
2018-07-24,1.109499969482422,yfinance
2018-07-25,1.11,yfinance
2018-07-26,1.0955000305175782,yfinance
2018-07-27,1.1044999694824218,yfinance
2018-07-30,1.114000015258789,yfinance
2018-07-31,1.099000015258789,yfinance
2018-08-01,1.080500030517578,yfinance
2018-08-02,1.066999969482422,yfinance
2018-08-03,1.0775,yfinance
2018-08-06,1.0875,yfinance
2018-08-07,1.090500030517578,yfinance
2018-08-08,1.078499984741211,yfinance
2018-08-09,1.0765000152587891,yfinance
2018-08-10,1.07,yfinance
2018-08-13,1.0625,yfinance
2018-08-14,1.0505000305175782,yfinance
2018-08-15,1.0240000152587891,yfinance
2018-08-16,1.0169999694824219,yfinance
2018-08-17,1.0119999694824218,yfinance
2018-08-20,0.9725,yfinance
2018-08-21,0.9794999694824219,yfinance
2018-08-22,0.9640000152587891,yfinance
2018-08-23,0.9719999694824218,yfinance
2018-08-24,1.005500030517578,yfinance
2018-08-27,1.0184999847412108,yfinance
2018-08-28,0.9925,yfinance
2018-08-29,0.986500015258789,yfinance
2018-08-30,0.9894999694824219,yfinance
2018-08-31,0.980999984741211,yfinance
2018-09-04,0.9775,yfinance
2018-09-05,1.000999984741211,yfinance
2018-09-06,0.9794999694824219,yfinance
2018-09-07,0.9880000305175781,yfinance
2018-09-10,0.975,yfinance
2018-09-11,0.9619999694824218,yfinance
2018-09-12,0.9784999847412109,yfinance
2018-09-13,0.9640000152587891,yfinance
2018-09-14,0.9544999694824219,yfinance
2018-09-17,0.9344999694824219,yfinance
2018-09-18,0.92,yfinance
2018-09-19,0.9669999694824218,yfinance
2018-09-20,0.9975,yfinance
2018-09-21,0.999000015258789,yfinance
2018-09-24,0.985,yfinance
2018-09-25,0.970999984741211,yfinance
2018-09-26,0.9775,yfinance
2018-09-27,0.9930000305175781,yfinance
2018-09-28,1.024499969482422,yfinance
2018-10-01,1.0219999694824218,yfinance
2018-10-02,1.0765000152587891,yfinance
2018-10-03,1.065999984741211,yfinance
2018-10-04,1.0694999694824219,yfinance
2018-10-05,1.089499969482422,yfinance
2018-10-08,1.118499984741211,yfinance
2018-10-09,1.131500015258789,yfinance
2018-10-10,1.1190000152587891,yfinance
2018-10-11,1.1290000152587891,yfinance
2018-10-12,1.1655000305175782,yfinance
2018-10-15,1.1934999847412109,yfinance
2018-10-16,1.176500015258789,yfinance
2018-10-17,1.225500030517578,yfinance
2018-10-18,1.2205000305175782,yfinance
2018-10-19,1.220999984741211,yfinance
2018-10-22,1.176500015258789,yfinance
2018-10-23,1.210999984741211,yfinance
2018-10-24,1.2025,yfinance
2018-10-25,1.2115000152587891,yfinance
2018-10-26,1.196500015258789,yfinance
2018-10-29,1.1425,yfinance
2018-10-30,1.124000015258789,yfinance
2018-10-31,1.126999969482422,yfinance
2018-11-01,1.1780000305175782,yfinance
2018-11-02,1.2005000305175781,yfinance
2018-11-05,1.170999984741211,yfinance
2018-11-06,1.1325,yfinance
2018-11-07,1.155999984741211,yfinance
2018-11-08,1.166500015258789,yfinance
2018-11-09,1.138499984741211,yfinance
2018-11-12,1.101500015258789,yfinance
2018-11-13,1.0919999694824218,yfinance
2018-11-14,1.126500015258789,yfinance
2018-11-15,1.100500030517578,yfinance
2018-11-16,1.125999984741211,yfinance
2018-11-19,1.123499984741211,yfinance
2018-11-20,1.1065000152587892,yfinance
2018-11-21,1.1030000305175782,yfinance
2018-11-23,1.071500015258789,yfinance
2018-11-26,1.07,yfinance
2018-11-27,1.095,yfinance
2018-11-28,1.1009999847412109,yfinance
2018-11-29,1.085,yfinance
2018-11-30,1.0325,yfinance
2018-12-03,1.035,yfinance
2018-12-04,1.019000015258789,yfinance
2018-12-06,1.006500015258789,yfinance
2018-12-07,0.9880000305175781,yfinance
2018-12-10,1.004499969482422,yfinance
2018-12-11,0.976500015258789,yfinance
2018-12-12,0.9775,yfinance
2018-12-13,0.9880000305175781,yfinance
2018-12-14,0.9694999694824219,yfinance
2018-12-17,0.9469999694824218,yfinance
2018-12-18,0.9434999847412109,yfinance
2018-12-19,1.0084999847412108,yfinance
2018-12-20,1.025,yfinance
2018-12-21,0.9969999694824219,yfinance
2018-12-24,1.0219999694824218,yfinance
2018-12-26,1.039000015258789,yfinance
2018-12-27,1.0175,yfinance
2018-12-28,1.0094999694824218,yfinance
2018-12-31,1.0184999847412108,yfinance
2019-01-02,0.995,yfinance
2019-01-03,1.021500015258789,yfinance
2019-01-04,1.015999984741211,yfinance
2019-01-07,1.0275,yfinance
2019-01-08,1.0505000305175782,yfinance
2019-01-09,1.0530000305175782,yfinance
2019-01-10,1.0425,yfinance
2019-01-11,1.0384999847412109,yfinance
2019-01-14,1.0275,yfinance
2019-01-15,1.0130000305175781,yfinance
2019-01-16,1.0240000152587891,yfinance
2019-01-17,1.0240000152587891,yfinance
2019-01-18,1.0494999694824219,yfinance
2019-01-22,1.033499984741211,yfinance
2019-01-23,1.0340000152587892,yfinance
2019-01-24,1.0530000305175782,yfinance
2019-01-25,1.068000030517578,yfinance
2019-01-28,1.026500015258789,yfinance
2019-01-29,1.025999984741211,yfinance
2019-01-30,1.020999984741211,yfinance
2019-01-31,1.059000015258789,yfinance
2019-02-01,1.036999969482422,yfinance
2019-02-04,1.055999984741211,yfinance
2019-02-05,1.0484999847412109,yfinance
2019-02-06,1.055,yfinance
2019-02-07,1.0430000305175782,yfinance
2019-02-08,1.025999984741211,yfinance
2019-02-11,1.001999969482422,yfinance
2019-02-12,1.004499969482422,yfinance
2019-02-13,0.9890000152587891,yfinance
2019-02-14,0.9784999847412109,yfinance
2019-02-15,0.9794999694824219,yfinance
2019-02-19,0.9719999694824218,yfinance
2019-02-20,0.9755000305175782,yfinance
2019-02-21,0.960999984741211,yfinance
2019-02-22,0.9644999694824219,yfinance
2019-02-25,0.9640000152587891,yfinance
2019-02-26,0.9355000305175781,yfinance
2019-02-27,0.9569999694824218,yfinance
2019-02-28,0.9519999694824218,yfinance
2019-03-01,0.9694999694824219,yfinance
2019-03-04,0.9409999847412109,yfinance
2019-03-05,0.9644999694824219,yfinance
2019-03-06,0.955,yfinance
2019-03-07,0.936500015258789,yfinance
2019-03-08,0.9530000305175781,yfinance
2019-03-11,0.94,yfinance
2019-03-12,0.9280000305175782,yfinance
2019-03-13,0.9444999694824219,yfinance
2019-03-14,0.9394999694824219,yfinance
2019-03-15,0.9459999847412109,yfinance
2019-03-18,0.936500015258789,yfinance
2019-03-19,0.9344999694824219,yfinance
2019-03-20,0.9475,yfinance
2019-03-21,0.9480000305175781,yfinance
2019-03-22,0.9390000152587891,yfinance
2019-03-25,0.9425,yfinance
2019-03-26,0.9534999847412109,yfinance
2019-03-27,0.938499984741211,yfinance
2019-03-28,0.94,yfinance
2019-03-29,0.945,yfinance
2019-04-01,0.9209999847412109,yfinance
2019-04-02,0.9165000152587891,yfinance
2019-04-03,0.9534999847412109,yfinance
2019-04-04,0.9530000305175781,yfinance
2019-04-05,0.9319999694824219,yfinance
2019-04-08,0.9294999694824219,yfinance
2019-04-09,0.936500015258789,yfinance
2019-04-10,0.9425,yfinance
2019-04-11,0.9025,yfinance
2019-04-12,0.904000015258789,yfinance
2019-04-15,0.914000015258789,yfinance
2019-04-16,0.905,yfinance
2019-04-17,0.8705000305175781,yfinance
2019-04-18,0.9019999694824219,yfinance
2019-04-22,0.9109999847412109,yfinance
2019-04-23,0.915,yfinance
2019-04-24,0.9044999694824218,yfinance
2019-04-25,0.9205000305175781,yfinance
2019-04-26,0.9269999694824219,yfinance
2019-04-29,0.913499984741211,yfinance
2019-04-30,0.918499984741211,yfinance
2019-05-01,0.8980000305175782,yfinance
2019-05-02,0.9025,yfinance
2019-05-03,0.8925,yfinance
2019-05-06,0.8880000305175781,yfinance
2019-05-07,0.8665000152587891,yfinance
2019-05-08,0.8719999694824219,yfinance
2019-05-09,0.895,yfinance
2019-05-10,0.8944999694824218,yfinance
2019-05-13,0.8825,yfinance
2019-05-14,0.8955000305175781,yfinance
2019-05-15,0.899000015258789,yfinance
2019-05-16,0.9,yfinance
2019-05-17,0.8734999847412109,yfinance
2019-05-20,0.8825,yfinance
2019-05-21,0.9290000152587891,yfinance
2019-05-22,0.9175,yfinance
2019-05-23,0.935,yfinance
2019-05-24,0.9330000305175781,yfinance
2019-05-28,0.9605000305175782,yfinance
2019-05-29,0.995,yfinance
2019-05-30,1.023499984741211,yfinance
2019-05-31,1.045999984741211,yfinance
2019-06-03,1.0375,yfinance
2019-06-04,1.0565000152587891,yfinance
2019-06-05,0.990999984741211,yfinance
2019-06-06,1.0205000305175782,yfinance
2019-06-07,1.0094999694824218,yfinance
2019-06-10,0.985999984741211,yfinance
2019-06-11,0.97,yfinance
2019-06-12,0.9905000305175782,yfinance
2019-06-13,0.9734999847412109,yfinance
2019-06-14,0.96,yfinance
2019-06-17,0.9605000305175782,yfinance
2019-06-18,0.9430000305175781,yfinance
2019-06-19,0.9625,yfinance
2019-06-20,1.0105000305175782,yfinance
2019-06-21,0.9980000305175781,yfinance
2019-06-24,1.02,yfinance
2019-06-25,1.064499969482422,yfinance
2019-06-26,1.049000015258789,yfinance
2019-06-27,1.0555000305175781,yfinance
2019-06-28,1.0825,yfinance
2019-07-01,1.101500015258789,yfinance
2019-07-02,1.0825,yfinance
2019-07-03,1.1225,yfinance
2019-07-05,1.0944999694824218,yfinance
2019-07-08,1.0475,yfinance
2019-07-09,1.059000015258789,yfinance
2019-07-10,1.043499984741211,yfinance
2019-07-11,1.055,yfinance
2019-07-12,1.0519999694824218,yfinance
2019-07-15,1.088000030517578,yfinance
2019-07-16,1.040999984741211,yfinance
2019-07-17,1.0594999694824219,yfinance
2019-07-18,1.071500015258789,yfinance
2019-07-19,1.0584999847412109,yfinance
2019-07-22,1.050999984741211,yfinance
2019-07-23,1.0230000305175782,yfinance
2019-07-24,1.01,yfinance
2019-07-25,1.006500015258789,yfinance
2019-07-26,0.9975,yfinance
2019-07-29,1.011500015258789,yfinance
2019-07-30,0.995,yfinance
2019-07-31,0.9965000152587891,yfinance
2019-08-01,0.9725,yfinance
2019-08-02,0.981500015258789,yfinance
2019-08-05,0.956500015258789,yfinance
2019-08-06,0.9705000305175782,yfinance
2019-08-07,0.9690000152587891,yfinance
2019-08-08,0.9740000152587891,yfinance
2019-08-09,0.9730000305175781,yfinance
2019-08-12,0.9375,yfinance
2019-08-13,0.9634999847412109,yfinance
2019-08-14,0.9444999694824219,yfinance
2019-08-15,0.9455000305175781,yfinance
2019-08-16,0.928499984741211,yfinance
2019-08-19,0.9115000152587891,yfinance
2019-08-20,0.9144999694824218,yfinance
2019-08-21,0.928499984741211,yfinance
2019-08-22,0.935,yfinance
2019-08-23,0.9259999847412109,yfinance
2019-08-26,0.941500015258789,yfinance
2019-08-27,0.9380000305175781,yfinance
2019-08-28,0.9419999694824219,yfinance
2019-08-29,0.919000015258789,yfinance
2019-08-30,0.9359999847412109,yfinance
2019-09-03,0.923499984741211,yfinance
2019-09-04,0.9340000152587891,yfinance
2019-09-05,0.9219999694824219,yfinance
2019-09-06,0.938499984741211,yfinance
2019-09-09,0.95,yfinance
2019-09-10,0.9834999847412109,yfinance
2019-09-11,1.001500015258789,yfinance
2019-09-12,1.003499984741211,yfinance
2019-09-13,0.995,yfinance
2019-09-16,1.008000030517578,yfinance
2019-09-17,0.9684999847412109,yfinance
2019-09-18,0.9684999847412109,yfinance
2019-09-19,0.9834999847412109,yfinance
2019-09-20,0.9840000152587891,yfinance
2019-09-23,0.99,yfinance
2019-09-24,0.9915000152587891,yfinance
2019-09-25,1.0094999694824218,yfinance
2019-09-26,1.0084999847412108,yfinance
2019-09-27,1.009000015258789,yfinance
2019-09-30,1.011500015258789,yfinance
2019-10-01,1.013499984741211,yfinance
2019-10-02,1.0059999847412109,yfinance
2019-10-03,1.0205000305175782,yfinance
2019-10-04,0.99,yfinance
2019-10-07,0.97,yfinance
2019-10-08,0.9569999694824218,yfinance
2019-10-09,0.9544999694824219,yfinance
2019-10-10,0.935,yfinance
2019-10-11,0.9369999694824219,yfinance
2019-10-14,0.9484999847412109,yfinance
2019-10-15,0.9444999694824219,yfinance
2019-10-16,0.9355000305175781,yfinance
2019-10-17,0.9290000152587891,yfinance
2019-10-18,0.9569999694824218,yfinance
2019-10-21,0.9634999847412109,yfinance
2019-10-22,0.9890000152587891,yfinance
2019-10-23,0.9775,yfinance
2019-10-24,0.9644999694824219,yfinance
2019-10-25,0.9944999694824219,yfinance
2019-10-28,1.005,yfinance
2019-10-29,0.9894999694824219,yfinance
2019-10-30,0.9934999847412109,yfinance
2019-10-31,1.0194999694824218,yfinance
2019-11-01,1.04,yfinance
2019-11-04,1.036500015258789,yfinance
2019-11-05,1.058000030517578,yfinance
2019-11-06,1.08,yfinance
2019-11-07,1.0909999847412108,yfinance
2019-11-08,1.0944999694824218,yfinance
2019-11-11,1.06,yfinance
2019-11-12,1.055999984741211,yfinance
2019-11-13,1.0794999694824219,yfinance
2019-11-14,1.080500030517578,yfinance
2019-11-15,1.061500015258789,yfinance
2019-11-18,1.0555000305175781,yfinance
2019-11-19,1.026999969482422,yfinance
2019-11-20,1.096999969482422,yfinance
2019-11-21,1.1525,yfinance
2019-11-22,1.145999984741211,yfinance
2019-11-25,1.1780000305175782,yfinance
2019-11-26,1.1569999694824218,yfinance
2019-11-27,1.173000030517578,yfinance
2019-11-29,1.185500030517578,yfinance
2019-12-02,1.215,yfinance
2019-12-03,1.228499984741211,yfinance
2019-12-04,1.2059999847412108,yfinance
2019-12-05,1.2394999694824218,yfinance
2019-12-06,1.2369999694824219,yfinance
2019-12-09,1.2730000305175782,yfinance
2019-12-10,1.320500030517578,yfinance
2019-12-11,1.3385000610351563,yfinance
2019-12-12,1.3589999389648437,yfinance
2019-12-13,1.294499969482422,yfinance
2019-12-16,1.3580000305175781,yfinance
2019-12-17,1.3219999694824218,yfinance
2019-12-18,1.316999969482422,yfinance
2019-12-19,1.2719999694824218,yfinance
2019-12-20,1.306999969482422,yfinance
2019-12-23,1.2530000305175781,yfinance
2019-12-24,1.2939999389648438,yfinance
2019-12-26,1.2730000305175782,yfinance
2019-12-27,1.325,yfinance
2019-12-30,1.3214999389648439,yfinance
2019-12-31,1.296999969482422,yfinance
2020-01-02,1.270999984741211,yfinance
2020-01-03,1.263499984741211,yfinance
2020-01-06,1.2215000152587892,yfinance
2020-01-07,1.224000015258789,yfinance
2020-01-08,1.1915000152587891,yfinance
2020-01-09,1.1734999847412109,yfinance
2020-01-10,1.189499969482422,yfinance
2020-01-13,1.1455000305175782,yfinance
2020-01-14,1.1490000152587891,yfinance
2020-01-15,1.143000030517578,yfinance
2020-01-16,1.129499969482422,yfinance
2020-01-17,1.121500015258789,yfinance
2020-01-21,1.110500030517578,yfinance
2020-01-22,1.11,yfinance
2020-01-23,1.125999984741211,yfinance
2020-01-24,1.101500015258789,yfinance
2020-01-27,1.065999984741211,yfinance
2020-01-28,1.0505000305175782,yfinance
2020-01-29,1.0205000305175782,yfinance
2020-01-30,1.015,yfinance
2020-01-31,1.026500015258789,yfinance
2020-02-03,0.9790000152587891,yfinance
2020-02-04,0.981500015258789,yfinance
2020-02-05,0.9775,yfinance
2020-02-06,0.981500015258789,yfinance
2020-02-07,0.9834999847412109,yfinance
2020-02-10,1.0030000305175781,yfinance
2020-02-11,1.005,yfinance
2020-02-12,1.006500015258789,yfinance
2020-02-13,1.044499969482422,yfinance
2020-02-14,1.0909999847412108,yfinance
2020-02-18,1.0655000305175781,yfinance
2020-02-19,1.068000030517578,yfinance
2020-02-20,1.035999984741211,yfinance
2020-02-21,1.088499984741211,yfinance
2020-02-24,1.059000015258789,yfinance
2020-02-25,1.0709999847412108,yfinance
2020-02-26,1.0909999847412108,yfinance
2020-02-27,1.0819999694824218,yfinance
2020-02-28,1.1009999847412109,yfinance
2020-03-02,1.146500015258789,yfinance
2020-03-03,1.2105000305175782,yfinance
2020-03-04,1.171500015258789,yfinance
2020-03-05,1.098499984741211,yfinance
2020-03-06,1.055999984741211,yfinance
2020-03-09,1.089499969482422,yfinance
2020-03-10,1.1425,yfinance
2020-03-11,1.1155000305175782,yfinance
2020-03-12,1.091500015258789,yfinance
2020-03-13,1.070500030517578,yfinance
2020-03-16,1.039000015258789,yfinance
2020-03-17,1.029000015258789,yfinance
2020-03-18,1.080500030517578,yfinance
2020-03-19,1.166500015258789,yfinance
2020-03-20,1.1969999694824218,yfinance
2020-03-23,1.2125,yfinance
2020-03-24,1.2559999847412109,yfinance
2020-03-25,1.2994999694824219,yfinance
2020-03-26,1.246500015258789,yfinance
2020-03-27,1.158499984741211,yfinance
2020-03-30,1.193000030517578,yfinance
2020-03-31,1.195500030517578,yfinance
2020-04-01,1.16,yfinance
2020-04-02,1.1934999847412109,yfinance
2020-04-03,1.1490000152587891,yfinance
2020-04-06,1.166500015258789,yfinance
2020-04-07,1.199000015258789,yfinance
2020-04-08,1.1980000305175782,yfinance
2020-04-09,1.185999984741211,yfinance
2020-04-13,1.1975,yfinance
2020-04-14,1.171999969482422,yfinance
2020-04-15,1.201999969482422,yfinance
2020-04-16,1.185999984741211,yfinance
2020-04-17,1.160500030517578,yfinance
2020-04-20,1.136500015258789,yfinance
2020-04-21,1.0965000152587892,yfinance
2020-04-22,1.105999984741211,yfinance
2020-04-23,1.110500030517578,yfinance
2020-04-24,1.0519999694824218,yfinance
2020-04-27,1.045999984741211,yfinance
2020-04-28,1.056999969482422,yfinance
2020-04-29,1.036500015258789,yfinance
2020-04-30,1.046500015258789,yfinance
2020-05-01,1.044499969482422,yfinance
2020-05-04,1.0555000305175781,yfinance
2020-05-05,1.088499984741211,yfinance
2020-05-06,1.093499984741211,yfinance
2020-05-07,1.0744999694824218,yfinance
2020-05-08,1.1009999847412109,yfinance
2020-05-11,1.089499969482422,yfinance
2020-05-12,1.055999984741211,yfinance
2020-05-13,1.035500030517578,yfinance
2020-05-14,1.049000015258789,yfinance
2020-05-15,1.048000030517578,yfinance
2020-05-18,1.056999969482422,yfinance
2020-05-19,1.070500030517578,yfinance
2020-05-20,1.0565000152587891,yfinance
2020-05-21,1.0475,yfinance
2020-05-22,1.035999984741211,yfinance
2020-05-26,1.050999984741211,yfinance
2020-05-27,1.025,yfinance
2020-05-28,0.990999984741211,yfinance
2020-05-29,0.9630000305175781,yfinance
2020-06-01,0.9830000305175781,yfinance
2020-06-02,0.9819999694824219,yfinance
2020-06-03,0.990999984741211,yfinance
2020-06-04,0.981500015258789,yfinance
2020-06-05,0.9890000152587891,yfinance
2020-06-08,0.9890000152587891,yfinance
2020-06-09,0.9780000305175781,yfinance
2020-06-10,0.9675,yfinance
2020-06-11,0.96,yfinance
2020-06-12,0.9519999694824218,yfinance
2020-06-15,0.94,yfinance
2020-06-16,0.936500015258789,yfinance
2020-06-17,0.9625,yfinance
2020-06-18,0.9459999847412109,yfinance
2020-06-19,0.9375,yfinance
2020-06-22,0.9594999694824219,yfinance
2020-06-23,0.9625,yfinance
2020-06-24,0.966500015258789,yfinance
2020-06-25,0.9484999847412109,yfinance
2020-06-26,0.956500015258789,yfinance
2020-06-29,0.986500015258789,yfinance
2020-06-30,1.0005000305175782,yfinance
2020-07-01,1.0305000305175782,yfinance
2020-07-02,1.0225,yfinance
2020-07-06,0.9719999694824218,yfinance
2020-07-07,0.9925,yfinance
2020-07-08,0.9894999694824219,yfinance
2020-07-09,0.9769999694824218,yfinance
2020-07-10,0.961500015258789,yfinance
2020-07-13,0.9740000152587891,yfinance
2020-07-14,0.9669999694824218,yfinance
2020-07-15,0.9594999694824219,yfinance
2020-07-16,0.970999984741211,yfinance
2020-07-17,1.0105000305175782,yfinance
2020-07-20,0.985,yfinance
2020-07-21,1.005,yfinance
2020-07-22,1.083499984741211,yfinance
2020-07-23,1.075,yfinance
2020-07-24,1.084000015258789,yfinance
2020-07-27,1.104000015258789,yfinance
2020-07-28,1.0965000152587892,yfinance
2020-07-29,1.115999984741211,yfinance
2020-07-30,1.1534999847412108,yfinance
2020-07-31,1.189499969482422,yfinance
2020-08-03,1.1790000152587892,yfinance
2020-08-04,1.2105000305175782,yfinance
2020-08-05,1.215500030517578,yfinance
2020-08-06,1.17,yfinance
2020-08-07,1.1544999694824218,yfinance
2020-08-10,1.125999984741211,yfinance
2020-08-11,1.113499984741211,yfinance
2020-08-12,1.120500030517578,yfinance
2020-08-13,1.161999969482422,yfinance
2020-08-14,1.1469999694824218,yfinance
2020-08-17,1.1555000305175782,yfinance
2020-08-18,1.193000030517578,yfinance
2020-08-19,1.1844999694824219,yfinance
2020-08-20,1.185500030517578,yfinance
2020-08-21,1.200999984741211,yfinance
2020-08-24,1.2025,yfinance
2020-08-25,1.231999969482422,yfinance
2020-08-26,1.2280000305175782,yfinance
2020-08-27,1.2294999694824218,yfinance
2020-08-28,1.270999984741211,yfinance
2020-08-31,1.298000030517578,yfinance
2020-09-01,1.3189999389648437,yfinance
2020-09-02,1.315,yfinance
2020-09-03,1.3160000610351563,yfinance
2020-09-04,1.348000030517578,yfinance
2020-09-08,1.328000030517578,yfinance
2020-09-09,1.2964999389648437,yfinance
2020-09-10,1.325,yfinance
2020-09-11,1.3335000610351562,yfinance
2020-09-14,1.235500030517578,yfinance
2020-09-15,1.221999969482422,yfinance
2020-09-16,1.205500030517578,yfinance
2020-09-17,1.180999984741211,yfinance
2020-09-18,1.135999984741211,yfinance
2020-09-21,1.12,yfinance
2020-09-22,1.1065000152587892,yfinance
2020-09-23,1.105,yfinance
2020-09-24,1.111500015258789,yfinance
2020-09-25,1.136500015258789,yfinance
2020-09-28,1.0955000305175782,yfinance
2020-09-29,1.0955000305175782,yfinance
2020-09-30,1.109499969482422,yfinance
2020-10-01,1.070500030517578,yfinance
2020-10-02,1.089499969482422,yfinance
2020-10-05,1.0719999694824218,yfinance
2020-10-06,1.0765000152587891,yfinance
2020-10-07,1.095999984741211,yfinance
2020-10-08,1.1025,yfinance
2020-10-09,1.1155000305175782,yfinance
2020-10-12,1.091500015258789,yfinance
2020-10-13,1.1009999847412109,yfinance
2020-10-14,1.095999984741211,yfinance
2020-10-15,1.095,yfinance
2020-10-16,1.0725,yfinance
2020-10-19,1.060500030517578,yfinance
2020-10-20,1.049000015258789,yfinance
2020-10-21,1.041500015258789,yfinance
2020-10-22,1.066999969482422,yfinance
2020-10-23,1.055999984741211,yfinance
2020-10-26,1.0665000152587891,yfinance
2020-10-27,1.0694999694824219,yfinance
2020-10-28,1.05,yfinance
2020-10-29,1.045999984741211,yfinance
2020-10-30,1.0440000152587892,yfinance
2020-11-02,1.028000030517578,yfinance
2020-11-03,1.034499969482422,yfinance
2020-11-04,1.03,yfinance
2020-11-05,1.0594999694824219,yfinance
2020-11-06,1.0694999694824219,yfinance
2020-11-09,1.0684999847412109,yfinance
2020-11-10,1.0730000305175782,yfinance
2020-11-11,1.0909999847412108,yfinance
2020-11-12,1.1009999847412109,yfinance
2020-11-13,1.0925,yfinance
2020-11-16,1.156500015258789,yfinance
2020-11-17,1.161999969482422,yfinance
2020-11-18,1.1975,yfinance
2020-11-19,1.206500015258789,yfinance
2020-11-20,1.155,yfinance
2020-11-23,1.1444999694824218,yfinance
2020-11-24,1.131500015258789,yfinance
2020-11-25,1.145,yfinance
2020-11-27,1.2169999694824218,yfinance
2020-11-30,1.2069999694824218,yfinance
2020-12-01,1.156500015258789,yfinance
2020-12-02,1.168499984741211,yfinance
2020-12-03,1.176500015258789,yfinance
2020-12-04,1.1534999847412108,yfinance
2020-12-07,1.169499969482422,yfinance
2020-12-08,1.170999984741211,yfinance
2020-12-09,1.1490000152587891,yfinance
2020-12-10,1.185500030517578,yfinance
2020-12-11,1.190999984741211,yfinance
2020-12-14,1.235500030517578,yfinance
2020-12-15,1.230999984741211,yfinance
2020-12-16,1.2505000305175782,yfinance
2020-12-17,1.2505000305175782,yfinance
2020-12-18,1.2369999694824219,yfinance
2020-12-21,1.2430000305175781,yfinance
2020-12-22,1.241999969482422,yfinance
2020-12-23,1.245500030517578,yfinance
2020-12-24,1.2594999694824218,yfinance
2020-12-28,1.233499984741211,yfinance
2020-12-29,1.2540000152587891,yfinance
2020-12-30,1.2540000152587891,yfinance
2020-12-31,1.2825,yfinance
2021-01-04,1.261500015258789,yfinance
2021-01-05,1.250999984741211,yfinance
2021-01-06,1.209000015258789,yfinance
2021-01-07,1.210999984741211,yfinance
2021-01-08,1.2369999694824219,yfinance
2021-01-11,1.214499969482422,yfinance
2021-01-12,1.214000015258789,yfinance
2021-01-13,1.2525,yfinance
2021-01-14,1.273499984741211,yfinance
2021-01-15,1.2814999389648438,yfinance
2021-01-19,1.271500015258789,yfinance
2021-01-20,1.251999969482422,yfinance
2021-01-21,1.264499969482422,yfinance
2021-01-22,1.2405000305175782,yfinance
2021-01-25,1.2325,yfinance
2021-01-26,1.245,yfinance
2021-01-27,1.255,yfinance
2021-01-28,1.24,yfinance
2021-01-29,1.2294999694824218,yfinance
2021-02-01,1.253499984741211,yfinance
2021-02-02,1.234000015258789,yfinance
2021-02-03,1.2394999694824218,yfinance
2021-02-04,1.2405000305175782,yfinance
2021-02-05,1.245,yfinance
2021-02-08,1.240999984741211,yfinance
2021-02-09,1.2294999694824218,yfinance
2021-02-10,1.210999984741211,yfinance
2021-02-11,1.211999969482422,yfinance
2021-02-12,1.2115000152587891,yfinance
2021-02-16,1.243499984741211,yfinance
2021-02-17,1.2569999694824219,yfinance
2021-02-18,1.275999984741211,yfinance
2021-02-19,1.275,yfinance
2021-02-22,1.3344999694824218,yfinance
2021-02-23,1.3685000610351563,yfinance
2021-02-24,1.3564999389648438,yfinance
2021-02-25,1.3919999694824219,yfinance
2021-02-26,1.3685000610351563,yfinance
2021-03-01,1.3514999389648437,yfinance
2021-03-02,1.3319999694824218,yfinance
2021-03-03,1.3114999389648438,yfinance
2021-03-04,1.2839999389648438,yfinance
2021-03-05,1.2875,yfinance
2021-03-08,1.2905000305175782,yfinance
2021-03-09,1.2889999389648437,yfinance
2021-03-10,1.2935000610351564,yfinance
2021-03-11,1.318000030517578,yfinance
2021-03-12,1.3244999694824218,yfinance
2021-03-15,1.314499969482422,yfinance
2021-03-16,1.338000030517578,yfinance
2021-03-17,1.3285000610351563,yfinance
2021-03-18,1.2640000152587891,yfinance
2021-03-19,1.254499969482422,yfinance
2021-03-22,1.3010000610351562,yfinance
2021-03-23,1.275999984741211,yfinance
2021-03-24,1.265,yfinance
2021-03-25,1.265999984741211,yfinance
2021-03-26,1.285,yfinance
2021-03-29,1.2705000305175782,yfinance
2021-03-30,1.2259999847412109,yfinance
2021-03-31,1.235,yfinance
2021-04-01,1.2159999847412108,yfinance
2021-04-05,1.220999984741211,yfinance
2021-04-06,1.2684999847412108,yfinance
2021-04-07,1.2675,yfinance
2021-04-08,1.2784999847412108,yfinance
2021-04-09,1.2725,yfinance
2021-04-12,1.2810000610351562,yfinance
2021-04-13,1.3005000305175782,yfinance
2021-04-14,1.3210000610351562,yfinance
2021-04-15,1.326999969482422,yfinance
2021-04-16,1.2914999389648438,yfinance
2021-04-19,1.2985000610351562,yfinance
2021-04-20,1.3244999694824218,yfinance
2021-04-21,1.3219999694824218,yfinance
2021-04-22,1.3430000305175782,yfinance
2021-04-23,1.3685000610351563,yfinance
2021-04-26,1.4175,yfinance
2021-04-27,1.4435000610351563,yfinance
2021-04-28,1.443000030517578,yfinance
2021-04-29,1.4139999389648437,yfinance
2021-04-30,1.399499969482422,yfinance
2021-05-03,1.3875,yfinance
2021-05-04,1.3889999389648438,yfinance
2021-05-05,1.485,yfinance
2021-05-06,1.535,yfinance
2021-05-07,1.5230000305175782,yfinance
2021-05-10,1.4760000610351562,yfinance
2021-05-11,1.4789999389648438,yfinance
2021-05-12,1.4575,yfinance
2021-05-13,1.4564999389648436,yfinance
2021-05-14,1.4425,yfinance
2021-05-17,1.45,yfinance
2021-05-18,1.518000030517578,yfinance
2021-05-19,1.5094999694824218,yfinance
2021-05-20,1.5094999694824218,yfinance
2021-05-21,1.5010000610351562,yfinance
2021-05-24,1.49,yfinance
2021-05-25,1.505,yfinance
2021-05-26,1.556999969482422,yfinance
2021-05-27,1.5535000610351561,yfinance
2021-05-28,1.6235000610351562,yfinance
2021-06-01,1.610500030517578,yfinance
2021-06-02,1.6114999389648437,yfinance
2021-06-03,1.5760000610351563,yfinance
2021-06-04,1.6164999389648438,yfinance
2021-06-07,1.6014999389648437,yfinance
2021-06-08,1.576999969482422,yfinance
2021-06-09,1.5719999694824218,yfinance
2021-06-10,1.586999969482422,yfinance
2021-06-11,1.5744999694824218,yfinance
2021-06-14,1.5410000610351562,yfinance
2021-06-15,1.5119999694824218,yfinance
2021-06-16,1.5335000610351563,yfinance
2021-06-17,1.495500030517578,yfinance
2021-06-18,1.4989999389648438,yfinance
2021-06-21,1.5235000610351563,yfinance
2021-06-22,1.5125,yfinance
2021-06-23,1.5314999389648438,yfinance
2021-06-24,1.5239999389648438,yfinance
2021-06-25,1.5725,yfinance
2021-06-28,1.6225,yfinance
2021-06-29,1.596999969482422,yfinance
2021-06-30,1.5935000610351562,yfinance
2021-07-01,1.56,yfinance
2021-07-02,1.525500030517578,yfinance
2021-07-06,1.4789999389648438,yfinance
2021-07-07,1.4975,yfinance
2021-07-08,1.5205000305175782,yfinance
2021-07-09,1.5130000305175781,yfinance
2021-07-12,1.5385000610351562,yfinance
2021-07-13,1.5210000610351562,yfinance
2021-07-14,1.564499969482422,yfinance
2021-07-15,1.5689999389648437,yfinance
2021-07-16,1.6119999694824219,yfinance
2021-07-19,1.5525,yfinance
2021-07-20,1.6564999389648438,yfinance
2021-07-21,1.76,yfinance
2021-07-22,1.9364999389648438,yfinance
2021-07-23,1.89,yfinance
2021-07-26,2.078000030517578,yfinance
2021-07-27,2.0175,yfinance
2021-07-28,2.004499969482422,yfinance
2021-07-29,1.965,yfinance
2021-07-30,1.7955000305175781,yfinance
2021-08-02,1.7280000305175782,yfinance
2021-08-03,1.7485000610351562,yfinance
2021-08-04,1.7564999389648437,yfinance
2021-08-05,1.7689999389648436,yfinance
2021-08-06,1.76,yfinance
2021-08-09,1.7935000610351564,yfinance
2021-08-10,1.82,yfinance
2021-08-11,1.8385000610351563,yfinance
2021-08-12,1.8655000305175782,yfinance
2021-08-13,1.8275,yfinance
2021-08-16,1.8319999694824218,yfinance
2021-08-17,1.7894999694824218,yfinance
2021-08-18,1.796999969482422,yfinance
2021-08-19,1.7819999694824218,yfinance
2021-08-20,1.7825,yfinance
2021-08-23,1.7994999694824219,yfinance
2021-08-24,1.8330000305175782,yfinance
2021-08-25,1.840500030517578,yfinance
2021-08-26,1.8564999389648438,yfinance
2021-08-27,1.895,yfinance
2021-08-30,1.9739999389648437,yfinance
2021-08-31,1.9344999694824219,yfinance
2021-09-01,1.931999969482422,yfinance
2021-09-02,1.9189999389648438,yfinance
2021-09-03,1.9055000305175782,yfinance
2021-09-07,1.915,yfinance
2021-09-08,1.8775,yfinance
2021-09-09,1.85,yfinance
2021-09-10,1.8560000610351564,yfinance
2021-09-13,1.8435000610351562,yfinance
2021-09-14,1.83,yfinance
2021-09-15,1.87,yfinance
2021-09-16,1.8780000305175781,yfinance
2021-09-17,1.873000030517578,yfinance
2021-09-20,1.835,yfinance
2021-09-21,1.8335000610351562,yfinance
2021-09-22,1.8485000610351563,yfinance
2021-09-23,1.9060000610351562,yfinance
2021-09-24,1.9435000610351563,yfinance
2021-09-27,1.9364999389648438,yfinance
2021-09-28,1.9860000610351562,yfinance
2021-09-29,1.9339999389648437,yfinance
2021-09-30,1.94,yfinance
2021-10-01,2.040500030517578,yfinance
2021-10-04,2.0035000610351563,yfinance
2021-10-05,1.9189999389648438,yfinance
2021-10-06,1.9344999694824219,yfinance
2021-10-07,1.9789999389648438,yfinance
2021-10-08,2.013500061035156,yfinance
2021-10-11,2.0425,yfinance
2021-10-12,2.131499938964844,yfinance
2021-10-13,2.0864999389648435,yfinance
2021-10-14,2.0925,yfinance
2021-10-15,2.0339999389648438,yfinance
2021-10-18,2.016000061035156,yfinance
2021-10-19,2.0425,yfinance
2021-10-20,2.055500030517578,yfinance
2021-10-21,2.033000030517578,yfinance
2021-10-22,1.9985000610351562,yfinance
2021-10-25,2.0255000305175783,yfinance
2021-10-26,2.0810000610351564,yfinance
2021-10-27,2.013500061035156,yfinance
2021-10-28,1.9994999694824218,yfinance
2021-10-29,2.039499969482422,yfinance
2021-11-01,2.086999969482422,yfinance
2021-11-02,2.080500030517578,yfinance
2021-11-03,2.093000030517578,yfinance
2021-11-04,2.0860000610351563,yfinance
2021-11-05,2.035500030517578,yfinance
2021-11-08,1.9964999389648437,yfinance
2021-11-09,2.0589999389648437,yfinance
2021-11-10,2.04,yfinance
2021-11-11,2.108999938964844,yfinance
2021-11-12,2.196999969482422,yfinance
2021-11-15,2.2275,yfinance
2021-11-16,2.220500030517578,yfinance
2021-11-17,2.326000061035156,yfinance
2021-11-18,2.289499969482422,yfinance
2021-11-19,2.333000030517578,yfinance
2021-11-22,2.3135000610351564,yfinance
2021-11-23,2.4255000305175782,yfinance
2021-11-24,2.4630000305175783,yfinance
2021-11-26,2.4385000610351564,yfinance
2021-11-29,2.3385000610351563,yfinance
2021-11-30,2.3325,yfinance
2021-12-01,2.341999969482422,yfinance
2021-12-02,2.374499969482422,yfinance
2021-12-03,2.440500030517578,yfinance
2021-12-06,2.501999969482422,yfinance
2021-12-07,2.4389999389648436,yfinance
2021-12-08,2.4475,yfinance
2021-12-09,2.4035000610351562,yfinance
2021-12-10,2.3269999694824217,yfinance
2021-12-13,2.3669999694824218,yfinance
2021-12-14,2.3714999389648437,yfinance
2021-12-15,2.3739999389648436,yfinance
2021-12-16,2.3694999694824217,yfinance
2021-12-17,2.358999938964844,yfinance
2021-12-20,2.2439999389648437,yfinance
2021-12-21,2.2825,yfinance
2021-12-22,2.335500030517578,yfinance
2021-12-23,2.311999969482422,yfinance
2021-12-27,2.270500030517578,yfinance
2021-12-28,2.2560000610351563,yfinance
2021-12-29,2.2889999389648437,yfinance
2021-12-30,2.2885000610351565,yfinance
2021-12-31,2.261000061035156,yfinance
2022-01-03,2.2330000305175783,yfinance
2022-01-04,2.3175,yfinance
2022-01-05,2.3175,yfinance
2022-01-06,2.316999969482422,yfinance
2022-01-07,2.384499969482422,yfinance
2022-01-10,2.3489999389648437,yfinance
2022-01-11,2.370500030517578,yfinance
2022-01-12,2.408500061035156,yfinance
2022-01-13,2.37,yfinance
2022-01-14,2.3964999389648436,yfinance
2022-01-18,2.3960000610351564,yfinance
2022-01-19,2.444499969482422,yfinance
2022-01-20,2.4364999389648436,yfinance
2022-01-21,2.378999938964844,yfinance
2022-01-24,2.3294999694824217,yfinance
2022-01-25,2.378999938964844,yfinance
2022-01-26,2.3889999389648438,yfinance
2022-01-27,2.3205000305175782,yfinance
2022-01-28,2.358999938964844,yfinance
2022-01-31,2.3510000610351565,yfinance
2022-02-01,2.3669999694824218,yfinance
2022-02-02,2.388000030517578,yfinance
2022-02-03,2.4389999389648436,yfinance
2022-02-04,2.4185000610351564,yfinance
2022-02-07,2.4164999389648436,yfinance
2022-02-08,2.489499969482422,yfinance
2022-02-09,2.5835000610351564,yfinance
2022-02-10,2.551999969482422,yfinance
2022-02-11,2.5164999389648437,yfinance
2022-02-14,2.475500030517578,yfinance
2022-02-15,2.5185000610351564,yfinance
2022-02-16,2.5225,yfinance
2022-02-17,2.515,yfinance
2022-02-18,2.468500061035156,yfinance
2022-02-22,2.484499969482422,yfinance
2022-02-23,2.4860000610351562,yfinance
2022-02-24,2.3935000610351564,yfinance
2022-02-25,2.4005000305175783,yfinance
2022-02-28,2.3425,yfinance
2022-03-01,2.3725,yfinance
2022-03-02,2.3044999694824218,yfinance
2022-03-03,2.241499938964844,yfinance
2022-03-04,2.241499938964844,yfinance
2022-03-07,2.255,yfinance
2022-03-08,2.3405000305175783,yfinance
2022-03-09,2.3044999694824218,yfinance
2022-03-10,2.251999969482422,yfinance
2022-03-11,2.229499969482422,yfinance
2022-03-14,2.196499938964844,yfinance
2022-03-15,2.123000030517578,yfinance
2022-03-16,2.1860000610351564,yfinance
2022-03-17,2.1730000305175783,yfinance
2022-03-18,2.203000030517578,yfinance
2022-03-21,2.258500061035156,yfinance
2022-03-22,2.250500030517578,yfinance
2022-03-23,2.253000030517578,yfinance
2022-03-24,2.218500061035156,yfinance
2022-03-25,2.218500061035156,yfinance
2022-03-28,2.145500030517578,yfinance
2022-03-29,2.156999969482422,yfinance
2022-03-30,2.218500061035156,yfinance
2022-03-31,2.2639999389648438,yfinance
2022-04-01,2.2839999389648438,yfinance
2022-04-04,2.306000061035156,yfinance
2022-04-05,2.313000030517578,yfinance
2022-04-06,2.2760000610351563,yfinance
2022-04-07,2.261499938964844,yfinance
2022-04-08,2.316499938964844,yfinance
2022-04-11,2.366000061035156,yfinance
2022-04-12,2.3360000610351563,yfinance
2022-04-13,2.250500030517578,yfinance
2022-04-14,2.2360000610351562,yfinance
2022-04-18,2.235,yfinance
2022-04-19,2.2130000305175783,yfinance
2022-04-20,2.188000030517578,yfinance
2022-04-21,2.281499938964844,yfinance
2022-04-22,2.273000030517578,yfinance
2022-04-25,2.208000030517578,yfinance
2022-04-26,2.213999938964844,yfinance
2022-04-27,2.1594999694824217,yfinance
2022-04-28,2.178999938964844,yfinance
2022-04-29,2.225500030517578,yfinance
2022-05-02,2.1639999389648437,yfinance
2022-05-03,2.1819999694824217,yfinance
2022-05-04,2.211999969482422,yfinance
2022-05-05,2.1839999389648437,yfinance
2022-05-06,2.116000061035156,yfinance
2022-05-09,2.063000030517578,yfinance
2022-05-10,2.04,yfinance
2022-05-11,2.201000061035156,yfinance
2022-05-12,2.15,yfinance
2022-05-13,2.128999938964844,yfinance
2022-05-16,2.2580000305175782,yfinance
2022-05-17,2.281999969482422,yfinance
2022-05-18,2.1860000610351564,yfinance
2022-05-19,2.186999969482422,yfinance
2022-05-20,2.158500061035156,yfinance
2022-05-23,2.1575,yfinance
2022-05-24,2.136499938964844,yfinance
2022-05-25,2.1705000305175783,yfinance
2022-05-26,2.266000061035156,yfinance
2022-05-27,2.294499969482422,yfinance
2022-05-31,2.3125,yfinance
2022-06-01,2.394499969482422,yfinance
2022-06-02,2.3825,yfinance
2022-06-03,2.323999938964844,yfinance
2022-06-06,2.375500030517578,yfinance
2022-06-07,2.321499938964844,yfinance
2022-06-08,2.3185000610351563,yfinance
2022-06-09,2.3464999389648438,yfinance
2022-06-10,2.2889999389648437,yfinance
2022-06-13,2.2335000610351563,yfinance
2022-06-14,2.269499969482422,yfinance
2022-06-15,2.285,yfinance
2022-06-16,2.319499969482422,yfinance
2022-06-17,2.276499938964844,yfinance
2022-06-21,2.3310000610351564,yfinance
2022-06-22,2.386000061035156,yfinance
2022-06-23,2.3244999694824218,yfinance
2022-06-24,2.266000061035156,yfinance
2022-06-27,2.26,yfinance
2022-06-28,2.218999938964844,yfinance
2022-06-29,2.3264999389648438,yfinance
2022-06-30,2.3360000610351563,yfinance
2022-07-01,2.2844999694824217,yfinance
2022-07-05,2.2464999389648437,yfinance
2022-07-06,2.225,yfinance
2022-07-07,2.2219999694824217,yfinance
2022-07-08,2.2289999389648436,yfinance
2022-07-11,2.1689999389648436,yfinance
2022-07-12,2.0925,yfinance
2022-07-13,2.1125,yfinance
2022-07-14,1.991999969482422,yfinance
2022-07-15,2.0369999694824217,yfinance
2022-07-18,2.1910000610351563,yfinance
2022-07-19,2.2039999389648437,yfinance
2022-07-20,2.1814999389648437,yfinance
2022-07-21,2.158500061035156,yfinance
2022-07-22,2.066999969482422,yfinance
2022-07-25,2.100500030517578,yfinance
2022-07-26,2.131999969482422,yfinance
2022-07-27,2.1910000610351563,yfinance
2022-07-28,2.1839999389648437,yfinance
2022-07-29,2.171999969482422,yfinance
2022-08-01,2.131999969482422,yfinance
2022-08-02,2.0989999389648437,yfinance
2022-08-03,2.1464999389648436,yfinance
2022-08-04,2.1930000305175783,yfinance
2022-08-05,2.094499969482422,yfinance
2022-08-08,2.118500061035156,yfinance
2022-08-09,2.1275,yfinance
2022-08-10,2.2044999694824217,yfinance
2022-08-11,2.239499969482422,yfinance
2022-08-12,2.266000061035156,yfinance
2022-08-15,2.255,yfinance
2022-08-16,2.1935000610351563,yfinance
2022-08-17,2.174499969482422,yfinance
2022-08-18,2.146999969482422,yfinance
2022-08-19,2.1594999694824217,yfinance
2022-08-22,2.243000030517578,yfinance
2022-08-23,2.3064999389648437,yfinance
2022-08-24,2.4294999694824218,yfinance
2022-08-25,2.4339999389648437,yfinance
2022-08-26,2.42,yfinance
2022-08-29,2.405,yfinance
2022-08-30,2.3914999389648437,yfinance
2022-08-31,2.391000061035156,yfinance
2022-09-01,2.363500061035156,yfinance
2022-09-02,2.3264999389648438,yfinance
2022-09-06,2.338999938964844,yfinance
2022-09-07,2.2689999389648436,yfinance
2022-09-08,2.258500061035156,yfinance
2022-09-09,2.315,yfinance
2022-09-12,2.2775,yfinance
2022-09-13,2.239499969482422,yfinance
2022-09-14,2.176000061035156,yfinance
2022-09-15,2.191499938964844,yfinance
2022-09-16,2.180500030517578,yfinance
2022-09-19,2.240500030517578,yfinance
2022-09-20,2.281000061035156,yfinance
2022-09-21,2.2130000305175783,yfinance
2022-09-22,2.2355000305175783,yfinance
2022-09-23,2.2044999694824217,yfinance
2022-09-26,2.2380000305175782,yfinance
2022-09-27,2.243500061035156,yfinance
2022-09-28,2.2869999694824217,yfinance
2022-09-29,2.256999969482422,yfinance
2022-09-30,2.2155000305175783,yfinance
2022-10-03,2.1575,yfinance
2022-10-04,2.1930000305175783,yfinance
2022-10-05,2.2464999389648437,yfinance
2022-10-06,2.176999969482422,yfinance
2022-10-07,2.181000061035156,yfinance
2022-10-10,2.174499969482422,yfinance
2022-10-11,2.178500061035156,yfinance
2022-10-12,2.0975,yfinance
2022-10-13,2.0214999389648436,yfinance
2022-10-14,1.9669999694824218,yfinance
2022-10-17,1.955500030517578,yfinance
2022-10-18,1.9510000610351563,yfinance
2022-10-19,1.923000030517578,yfinance
2022-10-20,1.910500030517578,yfinance
2022-10-21,1.9089999389648438,yfinance
2022-10-24,1.9039999389648437,yfinance
2022-10-25,1.8580000305175781,yfinance
2022-10-26,1.7975,yfinance
2022-10-27,1.7885000610351562,yfinance
2022-10-28,1.6980000305175782,yfinance
2022-10-31,1.776999969482422,yfinance
2022-11-01,1.7460000610351563,yfinance
2022-11-02,1.8214999389648439,yfinance
2022-11-03,1.721999969482422,yfinance
2022-11-04,1.7575,yfinance
2022-11-07,1.705500030517578,yfinance
2022-11-08,1.6644999694824218,yfinance
2022-11-09,1.6514999389648437,yfinance
2022-11-10,1.71,yfinance
2022-11-11,1.7010000610351563,yfinance
2022-11-14,1.661999969482422,yfinance
2022-11-15,1.5675,yfinance
2022-11-16,1.554499969482422,yfinance
2022-11-17,1.526999969482422,yfinance
2022-11-18,1.5130000305175781,yfinance
2022-11-21,1.575,yfinance
2022-11-22,1.6180000305175781,yfinance
2022-11-23,1.6010000610351562,yfinance
2022-11-25,1.6355000305175782,yfinance
2022-11-28,1.6064999389648438,yfinance
2022-11-29,1.6669999694824218,yfinance
2022-11-30,1.6769999694824218,yfinance
2022-12-01,1.6335000610351562,yfinance
2022-12-02,1.6014999389648437,yfinance
2022-12-05,1.6014999389648437,yfinance
2022-12-06,1.610500030517578,yfinance
2022-12-07,1.576999969482422,yfinance
2022-12-08,1.5689999389648437,yfinance
2022-12-09,1.5775,yfinance
2022-12-12,1.6635000610351562,yfinance
2022-12-13,1.6714999389648437,yfinance
2022-12-14,1.683000030517578,yfinance
2022-12-15,1.715,yfinance
2022-12-16,1.6414999389648437,yfinance
2022-12-19,1.640500030517578,yfinance
2022-12-20,1.6780000305175782,yfinance
2022-12-21,1.6935000610351563,yfinance
2022-12-22,1.6889999389648438,yfinance
2022-12-23,1.72,yfinance
2022-12-27,1.669499969482422,yfinance
2022-12-28,1.735500030517578,yfinance
2022-12-29,1.7005000305175781,yfinance
2022-12-30,1.673000030517578,yfinance
2023-01-03,1.663000030517578,yfinance
2023-01-04,1.6130000305175782,yfinance
2023-01-05,1.6055000305175782,yfinance
2023-01-06,1.5830000305175782,yfinance
2023-01-09,1.580500030517578,yfinance
2023-01-10,1.5089999389648439,yfinance
2023-01-11,1.4389999389648438,yfinance
2023-01-12,1.4939999389648437,yfinance
2023-01-13,1.5169999694824219,yfinance
2023-01-17,1.5110000610351562,yfinance
2023-01-18,1.55,yfinance
2023-01-19,1.5460000610351563,yfinance
2023-01-20,1.548000030517578,yfinance
2023-01-23,1.5855000305175782,yfinance
2023-01-24,1.5985000610351563,yfinance
2023-01-25,1.6244999694824218,yfinance
2023-01-26,1.6714999389648437,yfinance
2023-01-27,1.6989999389648438,yfinance
2023-01-30,1.7039999389648437,yfinance
2023-01-31,1.8175,yfinance
2023-02-01,1.7589999389648439,yfinance
2023-02-02,1.7789999389648437,yfinance
2023-02-03,1.7280000305175782,yfinance
2023-02-06,1.7569999694824219,yfinance
2023-02-07,1.7705000305175782,yfinance
2023-02-08,1.7560000610351563,yfinance
2023-02-09,1.7364999389648437,yfinance
2023-02-10,1.7475,yfinance
2023-02-13,1.7705000305175782,yfinance
2023-02-14,1.8355000305175782,yfinance
2023-02-15,1.7685000610351562,yfinance
2023-02-16,1.806999969482422,yfinance
2023-02-17,1.8869999694824218,yfinance
2023-02-21,1.9444999694824219,yfinance
2023-02-22,1.995,yfinance
2023-02-23,1.9364999389648438,yfinance
2023-02-24,1.911999969482422,yfinance
2023-02-27,1.9069999694824218,yfinance
2023-02-28,1.9039999389648437,yfinance
2023-03-01,1.8530000305175782,yfinance
2023-03-02,1.839499969482422,yfinance
2023-03-03,1.808000030517578,yfinance
2023-03-06,1.8244999694824218,yfinance
2023-03-07,1.8455000305175782,yfinance
2023-03-08,1.7955000305175781,yfinance
2023-03-09,1.78,yfinance
2023-03-10,1.8225,yfinance
2023-03-13,1.8319999694824218,yfinance
2023-03-14,1.8089999389648437,yfinance
2023-03-15,1.7805000305175782,yfinance
2023-03-16,1.855,yfinance
2023-03-17,1.83,yfinance
2023-03-20,1.8489999389648437,yfinance
2023-03-21,1.866999969482422,yfinance
2023-03-22,1.78,yfinance
2023-03-23,1.7430000305175781,yfinance
2023-03-24,1.7925,yfinance
2023-03-27,1.7689999389648436,yfinance
2023-03-28,1.7375,yfinance
2023-03-29,1.6969999694824218,yfinance
2023-03-30,1.6980000305175782,yfinance
2023-03-31,1.705,yfinance
2023-04-03,1.7625,yfinance
2023-04-04,1.7485000610351562,yfinance
2023-04-05,1.8014999389648438,yfinance
2023-04-06,1.8360000610351563,yfinance
2023-04-10,1.8260000610351563,yfinance
2023-04-11,1.905,yfinance
2023-04-12,1.9025,yfinance
2023-04-13,1.9610000610351563,yfinance
2023-04-14,1.9339999389648437,yfinance
2023-04-17,2.01,yfinance
2023-04-18,2.0525,yfinance
2023-04-19,2.0255000305175783,yfinance
2023-04-20,1.9589999389648438,yfinance
2023-04-21,1.941999969482422,yfinance
2023-04-24,1.9675,yfinance
2023-04-25,1.9244999694824219,yfinance
2023-04-26,1.9585000610351562,yfinance
2023-04-27,1.9210000610351563,yfinance
2023-04-28,1.8985000610351563,yfinance
2023-05-01,1.8925,yfinance
2023-05-02,1.9064999389648438,yfinance
2023-05-03,1.8919999694824219,yfinance
2023-05-04,1.8639999389648438,yfinance
2023-05-05,1.91,yfinance
2023-05-08,1.8689999389648437,yfinance
2023-05-09,1.88,yfinance
2023-05-10,1.8744999694824218,yfinance
2023-05-11,1.8580000305175781,yfinance
2023-05-12,1.86,yfinance
2023-05-15,1.9305000305175781,yfinance
2023-05-16,1.9035000610351562,yfinance
2023-05-17,1.8985000610351563,yfinance
2023-05-18,1.9044999694824218,yfinance
2023-05-19,1.92,yfinance
2023-05-22,1.8919999694824219,yfinance
2023-05-23,1.8744999694824218,yfinance
2023-05-24,1.88,yfinance
2023-05-25,1.826999969482422,yfinance
2023-05-26,1.8160000610351563,yfinance
2023-05-30,1.7710000610351562,yfinance
2023-05-31,1.7864999389648437,yfinance
2023-06-01,1.830500030517578,yfinance
2023-06-02,1.8030000305175782,yfinance
2023-06-05,1.8310000610351562,yfinance
2023-06-06,1.8260000610351563,yfinance
2023-06-07,1.8539999389648438,yfinance
2023-06-08,1.9485000610351562,yfinance
2023-06-09,1.9064999389648438,yfinance
2023-06-12,1.8555000305175782,yfinance
2023-06-13,1.8275,yfinance
2023-06-14,1.8439999389648438,yfinance
2023-06-15,1.87,yfinance
2023-06-16,1.8489999389648437,yfinance
2023-06-20,1.774499969482422,yfinance
2023-06-21,1.72,yfinance
2023-06-22,1.7169999694824218,yfinance
2023-06-23,1.6805000305175781,yfinance
2023-06-26,1.679499969482422,yfinance
2023-06-27,1.6944999694824219,yfinance
2023-06-28,1.6564999389648438,yfinance
2023-06-29,1.6360000610351562,yfinance
2023-06-30,1.61,yfinance
2023-07-03,1.625,yfinance
2023-07-05,1.610500030517578,yfinance
2023-07-06,1.6235000610351562,yfinance
2023-07-07,1.6280000305175781,yfinance
2023-07-10,1.6175,yfinance
2023-07-11,1.5930000305175782,yfinance
2023-07-12,1.5875,yfinance
2023-07-13,1.5935000610351562,yfinance
2023-07-14,1.619499969482422,yfinance
2023-07-17,1.5475,yfinance
2023-07-18,1.5525,yfinance
2023-07-19,1.524499969482422,yfinance
2023-07-20,1.580500030517578,yfinance
2023-07-21,1.6185000610351563,yfinance
2023-07-24,1.63,yfinance
2023-07-25,1.6185000610351563,yfinance
2023-07-26,1.6314999389648437,yfinance
2023-07-27,1.6144999694824218,yfinance
2023-07-28,1.5789999389648437,yfinance
2023-07-31,1.6464999389648438,yfinance
2023-08-01,1.6455000305175782,yfinance
2023-08-02,1.669499969482422,yfinance
2023-08-03,1.6475,yfinance
2023-08-04,1.6135000610351562,yfinance
2023-08-07,1.639499969482422,yfinance
2023-08-08,1.6135000610351562,yfinance
2023-08-09,1.6075,yfinance
2023-08-10,1.5989999389648437,yfinance
2023-08-11,1.578000030517578,yfinance
2023-08-14,1.5110000610351562,yfinance
2023-08-15,1.4925,yfinance
2023-08-16,1.4889999389648438,yfinance
2023-08-17,1.47,yfinance
2023-08-18,1.474499969482422,yfinance
2023-08-21,1.475500030517578,yfinance
2023-08-22,1.4660000610351562,yfinance
2023-08-23,1.5294999694824218,yfinance
2023-08-24,1.53,yfinance
2023-08-25,1.5175,yfinance
2023-08-28,1.518000030517578,yfinance
2023-08-29,1.5135000610351563,yfinance
2023-08-30,1.5335000610351563,yfinance
2023-08-31,1.526999969482422,yfinance
2023-09-01,1.5094999694824218,yfinance
2023-09-05,1.5139999389648438,yfinance
2023-09-06,1.5175,yfinance
2023-09-07,1.4739999389648437,yfinance
2023-09-08,1.4625,yfinance
2023-09-11,1.515500030517578,yfinance
2023-09-12,1.5069999694824219,yfinance
2023-09-13,1.5105000305175782,yfinance
2023-09-14,1.5310000610351562,yfinance
2023-09-15,1.5825,yfinance
2023-09-18,1.586999969482422,yfinance
2023-09-19,1.675,yfinance
2023-09-20,1.5819999694824218,yfinance
2023-09-21,1.5485000610351562,yfinance
2023-09-22,1.5114999389648438,yfinance
2023-09-25,1.4880000305175782,yfinance
2023-09-26,1.5085000610351562,yfinance
2023-09-27,1.4925,yfinance
2023-09-28,1.471999969482422,yfinance
2023-09-29,1.4614999389648438,yfinance
2023-10-02,1.4910000610351561,yfinance
2023-10-03,1.4875,yfinance
2023-10-04,1.4635000610351563,yfinance
2023-10-05,1.4539999389648437,yfinance
2023-10-06,1.4605000305175782,yfinance
2023-10-09,1.4605000305175782,yfinance
2023-10-10,1.475,yfinance
2023-10-11,1.4769999694824218,yfinance
2023-10-12,1.4930000305175781,yfinance
2023-10-13,1.5489999389648437,yfinance
2023-10-16,1.5414999389648438,yfinance
2023-10-17,1.570500030517578,yfinance
2023-10-18,1.580500030517578,yfinance
2023-10-19,1.639499969482422,yfinance
2023-10-20,1.6525,yfinance
2023-10-23,1.6585000610351563,yfinance
2023-10-24,1.6814999389648437,yfinance
2023-10-25,1.623000030517578,yfinance
2023-10-26,1.6119999694824219,yfinance
2023-10-27,1.609499969482422,yfinance
2023-10-30,1.5910000610351562,yfinance
2023-10-31,1.673000030517578,yfinance
2023-11-01,1.598000030517578,yfinance
2023-11-02,1.6535000610351562,yfinance
2023-11-03,1.7089999389648438,yfinance
2023-11-06,1.7369999694824219,yfinance
2023-11-07,1.7075,yfinance
2023-11-08,1.7435000610351563,yfinance
2023-11-09,1.788000030517578,yfinance
2023-11-10,1.745,yfinance
2023-11-13,1.7864999389648437,yfinance
2023-11-14,1.764499969482422,yfinance
2023-11-15,1.808000030517578,yfinance
2023-11-16,1.7610000610351562,yfinance
2023-11-17,1.7094999694824218,yfinance
2023-11-20,1.7789999389648437,yfinance
2023-11-21,1.765500030517578,yfinance
2023-11-22,1.7864999389648437,yfinance
2023-11-23,1.7864999389648437,yfinance
2023-11-24,1.7864999389648437,yfinance
2023-11-27,1.796999969482422,yfinance
2023-11-28,1.8364999389648438,yfinance
2023-11-29,1.8210000610351562,yfinance
2023-11-30,1.95,yfinance
2023-12-01,1.9389999389648438,yfinance
2023-12-04,1.8889999389648438,yfinance
2023-12-05,1.9385000610351562,yfinance
2023-12-06,1.8525,yfinance
2023-12-07,1.855,yfinance
2023-12-08,1.8514999389648437,yfinance
2023-12-11,1.94,yfinance
2023-12-12,1.9114999389648437,yfinance
2023-12-13,1.9464999389648439,yfinance
2023-12-14,2.0010000610351564,yfinance
2023-12-15,2.018000030517578,yfinance
2023-12-18,2.095500030517578,yfinance
2023-12-19,2.0239999389648435,yfinance
2023-12-20,1.9060000610351562,yfinance
2023-12-21,1.9360000610351562,yfinance
2023-12-22,1.9280000305175782,yfinance
2023-12-26,1.9435000610351563,yfinance
2023-12-27,1.9775,yfinance
2023-12-28,1.98,yfinance
2023-12-29,1.883000030517578,yfinance
2024-01-02,1.9014999389648437,yfinance
2024-01-03,1.8625,yfinance
2024-01-04,1.8555000305175782,yfinance
2024-01-05,1.828000030517578,yfinance
2024-01-08,1.8139999389648438,yfinance
2024-01-09,1.8410000610351562,yfinance
2024-01-10,1.8114999389648438,yfinance
2024-01-11,1.840500030517578,yfinance
2024-01-12,1.8,yfinance
2024-01-16,1.8525,yfinance
2024-01-17,1.7919999694824218,yfinance
2024-01-18,1.7994999694824219,yfinance
2024-01-19,1.8514999389648437,yfinance
2024-01-22,1.9225,yfinance
2024-01-23,1.929499969482422,yfinance
2024-01-24,1.8944999694824218,yfinance
2024-01-25,1.869499969482422,yfinance
2024-01-26,1.9385000610351562,yfinance
2024-01-29,1.8925,yfinance
2024-01-30,1.94,yfinance
2024-01-31,1.9405000305175781,yfinance
2024-02-01,1.941999969482422,yfinance
2024-02-02,1.919499969482422,yfinance
2024-02-05,1.895,yfinance
2024-02-06,1.8819999694824219,yfinance
2024-02-07,1.9069999694824218,yfinance
2024-02-08,1.8880000305175781,yfinance
2024-02-09,1.963000030517578,yfinance
2024-02-12,1.9560000610351562,yfinance
2024-02-13,1.93,yfinance
2024-02-14,1.870500030517578,yfinance
2024-02-15,1.893000030517578,yfinance
2024-02-16,1.9085000610351563,yfinance
2024-02-20,1.9160000610351562,yfinance
2024-02-21,1.9835000610351563,yfinance
2024-02-22,1.9385000610351562,yfinance
2024-02-23,1.91,yfinance
2024-02-26,1.9010000610351563,yfinance
2024-02-27,1.9405000305175781,yfinance
2024-02-28,1.9335000610351563,yfinance
2024-02-29,1.9585000610351562,yfinance
2024-03-01,1.9380000305175782,yfinance
2024-03-04,1.9739999389648437,yfinance
2024-03-05,1.95,yfinance
2024-03-06,1.9444999694824219,yfinance
2024-03-07,1.9835000610351563,yfinance
2024-03-08,1.9139999389648437,yfinance
2024-03-11,1.9435000610351563,yfinance
2024-03-12,1.9539999389648437,yfinance
2024-03-13,1.9164999389648438,yfinance
2024-03-14,1.9135000610351562,yfinance
2024-03-15,1.8285000610351563,yfinance
2024-03-18,1.8185000610351563,yfinance
2024-03-19,1.830500030517578,yfinance
2024-03-20,1.8239999389648438,yfinance
2024-03-21,1.856999969482422,yfinance
2024-03-22,1.8485000610351563,yfinance
2024-03-25,1.8564999389648438,yfinance
2024-03-26,1.880500030517578,yfinance
2024-03-27,1.9064999389648438,yfinance
2024-03-28,1.8885000610351563,yfinance
2024-04-01,1.9180000305175782,yfinance
2024-04-02,1.9775,yfinance
2024-04-03,2.036000061035156,yfinance
2024-04-04,2.0675,yfinance
2024-04-05,2.125,yfinance
2024-04-08,2.1110000610351562,yfinance
2024-04-09,2.135500030517578,yfinance
2024-04-10,2.1464999389648436,yfinance
2024-04-11,2.203500061035156,yfinance
2024-04-12,2.2464999389648437,yfinance
2024-04-15,2.315500030517578,yfinance
2024-04-16,2.3675,yfinance
2024-04-17,2.479499969482422,yfinance
2024-04-18,2.3985000610351563,yfinance
2024-04-19,2.4139999389648437,yfinance
2024-04-22,2.316499938964844,yfinance
2024-04-23,2.245,yfinance
2024-04-24,2.2844999694824217,yfinance
2024-04-25,2.319499969482422,yfinance
2024-04-26,2.306000061035156,yfinance
2024-04-29,2.335500030517578,yfinance
2024-04-30,2.2064999389648436,yfinance
2024-05-01,2.190500030517578,yfinance
2024-05-02,2.0864999389648435,yfinance
2024-05-03,2.0589999389648437,yfinance
2024-05-06,2.006999969482422,yfinance
2024-05-07,1.99,yfinance
2024-05-08,2.0025,yfinance
2024-05-09,2.0369999694824217,yfinance
2024-05-10,2.0439999389648436,yfinance
2024-05-13,2.003999938964844,yfinance
2024-05-14,2.0285000610351562,yfinance
2024-05-15,2.0125,yfinance
2024-05-16,1.995500030517578,yfinance
2024-05-17,2.0814999389648436,yfinance
2024-05-20,2.093000030517578,yfinance
2024-05-21,2.171999969482422,yfinance
2024-05-22,2.2044999694824217,yfinance
2024-05-23,2.156499938964844,yfinance
2024-05-24,2.1825,yfinance
2024-05-28,2.309499969482422,yfinance
2024-05-29,2.294499969482422,yfinance
2024-05-30,2.33,yfinance
2024-05-31,2.223500061035156,yfinance
2024-06-03,2.265500030517578,yfinance
2024-06-04,2.338999938964844,yfinance
2024-06-05,2.319499969482422,yfinance
2024-06-06,2.341999969482422,yfinance
2024-06-07,2.248000030517578,yfinance
2024-06-10,2.213999938964844,yfinance
2024-06-11,2.205500030517578,yfinance
2024-06-12,2.243500061035156,yfinance
2024-06-13,2.260500030517578,yfinance
2024-06-14,2.241499938964844,yfinance
2024-06-17,2.2714999389648436,yfinance
2024-06-18,2.263000030517578,yfinance
2024-06-20,2.3025,yfinance
2024-06-21,2.265500030517578,yfinance
2024-06-24,2.38,yfinance
2024-06-25,2.311999969482422,yfinance
2024-06-26,2.263500061035156,yfinance
2024-06-27,2.2825,yfinance
2024-06-28,2.289499969482422,yfinance
2024-07-01,2.2669999694824217,yfinance
2024-07-02,2.2910000610351564,yfinance
2024-07-03,2.259499969482422,yfinance
2024-07-05,2.303000030517578,yfinance
2024-07-08,2.361999969482422,yfinance
2024-07-09,2.52,yfinance
2024-07-10,2.456999969482422,yfinance
2024-07-11,2.4675,yfinance
2024-07-12,2.504499969482422,yfinance
2024-07-15,2.441499938964844,yfinance
2024-07-16,2.4539999389648437,yfinance
2024-07-17,2.473500061035156,yfinance
2024-07-18,2.4339999389648437,yfinance
2024-07-19,2.381999969482422,yfinance
2024-07-22,2.430500030517578,yfinance
2024-07-23,2.391000061035156,yfinance
2024-07-24,2.3114999389648436,yfinance
2024-07-25,2.3469999694824217,yfinance
2024-07-26,2.3025,yfinance
2024-07-29,2.303999938964844,yfinance
2024-07-30,2.308000030517578,yfinance
2024-07-31,2.291999969482422,yfinance
2024-08-01,2.2725,yfinance
2024-08-02,2.305,yfinance
2024-08-05,2.256999969482422,yfinance
2024-08-06,2.359499969482422,yfinance
2024-08-07,2.4630000305175783,yfinance
2024-08-08,2.453000030517578,yfinance
2024-08-09,2.3405000305175783,yfinance
2024-08-12,2.408500061035156,yfinance
2024-08-13,2.3269999694824217,yfinance
2024-08-14,2.37,yfinance
2024-08-15,2.3989999389648435,yfinance
2024-08-16,2.4544999694824217,yfinance
2024-08-19,2.4589999389648436,yfinance
2024-08-20,2.4944999694824217,yfinance
2024-08-21,2.4944999694824217,yfinance
2024-08-22,2.468000030517578,yfinance
2024-08-23,2.5119999694824218,yfinance
2024-08-26,2.5364999389648437,yfinance
2024-08-27,2.593999938964844,yfinance
2024-08-28,2.6045001220703123,yfinance
2024-08-29,2.518000030517578,yfinance
2024-08-30,2.481999969482422,yfinance
2024-09-03,2.4675,yfinance
2024-09-04,2.455500030517578,yfinance
2024-09-05,2.4660000610351562,yfinance
2024-09-06,2.4005000305175783,yfinance
2024-09-09,2.4944999694824217,yfinance
2024-09-10,2.48,yfinance
2024-09-11,2.4944999694824217,yfinance
2024-09-12,2.52,yfinance
2024-09-13,2.6204998779296873,yfinance
2024-09-16,2.5904998779296875,yfinance
2024-09-17,2.65,yfinance
2024-09-18,2.631499938964844,yfinance
2024-09-19,2.616499938964844,yfinance
2024-09-20,2.5075,yfinance
2024-09-23,2.636499938964844,yfinance
2024-09-24,2.6779998779296874,yfinance
2024-09-25,2.6910000610351563,yfinance
2024-09-26,2.738999938964844,yfinance
2024-09-27,2.691499938964844,yfinance
2024-09-30,2.7025,yfinance
2024-10-01,2.6414999389648437,yfinance
2024-10-02,2.565,yfinance
2024-10-03,2.520500030517578,yfinance
2024-10-04,2.573500061035156,yfinance
2024-10-07,2.446499938964844,yfinance
2024-10-08,2.481999969482422,yfinance
2024-10-09,2.500500030517578,yfinance
2024-10-10,2.5475,yfinance
2024-10-11,2.520500030517578,yfinance
2024-10-14,2.6204998779296873,yfinance
2024-10-15,2.5670001220703127,yfinance
2024-10-16,2.58,yfinance
2024-10-17,2.551499938964844,yfinance
2024-10-18,2.5729998779296874,yfinance
2024-10-21,2.5169999694824217,yfinance
2024-10-22,2.4985000610351564,yfinance
2024-10-23,2.5235000610351563,yfinance
2024-10-24,2.4544999694824217,yfinance
2024-10-25,2.483999938964844,yfinance
2024-10-28,2.5235000610351563,yfinance
2024-10-29,2.4810000610351564,yfinance
2024-10-30,2.496000061035156,yfinance
2024-10-31,2.4589999389648436,yfinance
2024-11-01,2.4294999694824218,yfinance
2024-11-04,2.459499969482422,yfinance
2024-11-05,2.5014999389648436,yfinance
2024-11-06,2.4875,yfinance
2024-11-07,2.6039999389648436,yfinance
2024-11-08,2.533500061035156,yfinance
2024-11-11,2.5620001220703124,yfinance
2024-11-12,2.6354998779296874,yfinance
2024-11-13,2.716499938964844,yfinance
2024-11-14,2.7895001220703124,yfinance
2024-11-15,2.8179998779296875,yfinance
2024-11-18,2.8075,yfinance
2024-11-19,2.7975,yfinance
2024-11-20,2.9529998779296873,yfinance
2024-11-21,2.986499938964844,yfinance
2024-11-22,3.0525,yfinance
2024-11-25,3.0835000610351564,yfinance
2024-11-26,3.1214999389648437,yfinance
2024-11-27,3.261499938964844,yfinance
2024-11-29,3.216499938964844,yfinance
2024-12-02,2.9920001220703125,yfinance
2024-12-03,2.9770001220703124,yfinance
2024-12-04,3.0595001220703124,yfinance
2024-12-05,3.1575,yfinance
2024-12-06,3.325,yfinance
2024-12-09,3.3229998779296874,yfinance
2024-12-10,3.3564999389648436,yfinance
2024-12-11,3.2170001220703126,yfinance
2024-12-12,3.2260000610351565,yfinance
2024-12-13,3.2085000610351564,yfinance
2024-12-16,3.2875,yfinance
2024-12-17,3.2545001220703127,yfinance
2024-12-18,3.3314999389648436,yfinance
2024-12-19,3.2375,yfinance
2024-12-20,3.25,yfinance
2024-12-23,3.2725,yfinance
2024-12-24,3.286000061035156,yfinance
2024-12-26,3.2464999389648437,yfinance
2024-12-27,3.2264999389648437,yfinance
2024-12-30,3.21,yfinance
2024-12-31,3.1975,yfinance
2025-01-02,3.2685000610351564,yfinance
2025-01-03,3.1864999389648436,yfinance
2025-01-06,3.1860000610351564,yfinance
2025-01-07,3.205,yfinance
2025-01-08,3.1645001220703124,yfinance
2025-01-09,3.185,yfinance
2025-01-10,3.238500061035156,yfinance
2025-01-13,3.2595001220703126,yfinance
2025-01-14,3.2195001220703126,yfinance
2025-01-15,3.3045001220703125,yfinance
2025-01-16,3.2714999389648436,yfinance
2025-01-17,3.283500061035156,yfinance
2025-01-21,3.2779998779296875,yfinance
2025-01-22,3.4185000610351564,yfinance
2025-01-23,3.4395001220703123,yfinance
2025-01-24,3.4754998779296873,yfinance
2025-01-27,3.4920001220703125,yfinance
2025-01-28,3.575,yfinance
2025-01-29,3.6654998779296877,yfinance
2025-01-30,3.733999938964844,yfinance
2025-01-31,3.7785000610351562,yfinance
2025-02-03,3.8089999389648437,yfinance
2025-02-04,3.8335000610351564,yfinance
2025-02-05,3.9775,yfinance
2025-02-06,4.039500122070312,yfinance
2025-02-07,4.043500061035156,yfinance
2025-02-10,4.290499877929688,yfinance
2025-02-11,4.134500122070312,yfinance
2025-02-12,4.3179998779296875,yfinance
2025-02-13,4.388999938964844,yfinance
2025-02-14,4.1975,yfinance
2025-02-18,4.19,yfinance
2025-02-19,4.178999938964844,yfinance
2025-02-20,3.9575,yfinance
2025-02-21,4.0,yfinance
2025-02-24,3.9379998779296876,yfinance
2025-02-25,3.805,yfinance
2025-02-26,3.7945001220703123,yfinance
2025-02-27,3.7875,yfinance
2025-02-28,3.7904998779296877,yfinance
2025-03-03,3.9270001220703126,yfinance
2025-03-04,4.0375,yfinance
2025-03-05,4.155,yfinance
2025-03-06,3.93,yfinance
2025-03-07,3.9020001220703127,yfinance
2025-03-10,3.8935000610351564,yfinance
2025-03-11,3.9945001220703125,yfinance
2025-03-12,3.9220001220703127,yfinance
2025-03-13,3.906000061035156,yfinance
2025-03-14,3.821000061035156,yfinance
2025-03-17,3.8935000610351564,yfinance
2025-03-18,3.8714999389648437,yfinance
2025-03-19,3.946000061035156,yfinance
2025-03-20,3.921499938964844,yfinance
2025-03-21,3.9139999389648437,yfinance
2025-03-24,3.9339999389648437,yfinance
2025-03-25,3.9854998779296875,yfinance
2025-03-26,3.92,yfinance
2025-03-27,3.7879998779296873,yfinance
2025-03-28,3.7995001220703126,yfinance
2025-03-31,3.7975,yfinance
2025-04-01,3.8904998779296873,yfinance
2025-04-02,3.888500061035156,yfinance
2025-04-03,3.8525,yfinance
2025-04-04,3.6570001220703126,yfinance
2025-04-07,3.4479998779296874,yfinance
2025-04-08,3.428999938964844,yfinance
2025-04-09,3.4170001220703123,yfinance
2025-04-10,3.428500061035156,yfinance
2025-04-11,3.5770001220703125,yfinance
2025-04-14,3.6039999389648436,yfinance
2025-04-15,3.693999938964844,yfinance
2025-04-16,3.7604998779296874,yfinance
2025-04-17,3.755,yfinance
2025-04-21,3.6679998779296876,yfinance
2025-04-22,3.776499938964844,yfinance
2025-04-23,3.923999938964844,yfinance
2025-04-24,4.08,yfinance
2025-04-25,4.0825,yfinance
2025-04-28,4.2154998779296875,yfinance
2025-04-29,4.126499938964844,yfinance
2025-04-30,4.136000061035157,yfinance
2025-05-01,3.9570001220703124,yfinance
2025-05-02,3.9539999389648437,yfinance
2025-05-05,3.9895001220703126,yfinance
2025-05-06,4.011000061035157,yfinance
2025-05-07,3.9620001220703127,yfinance
2025-05-08,3.9779998779296877,yfinance
2025-05-09,3.9714999389648438,yfinance
2025-05-12,3.8245001220703125,yfinance
2025-05-13,3.848500061035156,yfinance
2025-05-14,3.7395001220703126,yfinance
2025-05-15,3.8495001220703124,yfinance
2025-05-16,3.7625,yfinance
2025-05-19,3.761499938964844,yfinance
2025-05-20,3.6929998779296875,yfinance
2025-05-21,3.7029998779296873,yfinance
2025-05-22,3.6075,yfinance
2025-05-23,3.61,yfinance
2025-05-27,3.6170001220703125,yfinance
2025-05-28,3.5195001220703124,yfinance
2025-05-29,3.483999938964844,yfinance
2025-05-30,3.4245001220703126,yfinance
2025-06-02,3.4445001220703126,yfinance
2025-06-03,3.408500061035156,yfinance
2025-06-04,3.4614999389648435,yfinance
2025-06-05,3.5975,yfinance
2025-06-06,3.5804998779296877,yfinance
2025-06-09,3.6154998779296874,yfinance
2025-06-10,3.5504998779296875,yfinance
2025-06-11,3.506499938964844,yfinance
2025-06-12,3.4779998779296877,yfinance
2025-06-13,3.4970001220703124,yfinance
2025-06-16,3.4395001220703123,yfinance
2025-06-17,3.3585000610351563,yfinance
2025-06-18,3.2489999389648436,yfinance
2025-06-20,3.1904998779296876,yfinance
2025-06-23,3.3029998779296874,yfinance
2025-06-24,3.1535000610351562,yfinance
2025-06-25,3.0864999389648435,yfinance
2025-06-26,3.095,yfinance
2025-06-27,3.0989999389648437,yfinance
2025-06-30,3.0675,yfinance
2025-07-01,2.988500061035156,yfinance
2025-07-02,2.9795001220703123,yfinance
2025-07-03,2.926499938964844,yfinance
2025-07-04,2.926499938964844,yfinance
2025-07-07,2.8004998779296875,yfinance
2025-07-08,2.8739999389648436,yfinance
2025-07-09,2.8585000610351563,yfinance
2025-07-10,2.8989999389648435,yfinance
2025-07-11,2.886000061035156,yfinance
2025-07-14,3.0570001220703125,yfinance
2025-07-15,3.016000061035156,yfinance
2025-07-16,3.1454998779296877,yfinance
2025-07-17,3.125,yfinance
2025-07-18,3.088999938964844,yfinance
2025-07-21,2.9725,yfinance
2025-07-22,2.9635000610351563,yfinance
2025-07-23,3.013500061035156,yfinance
2025-07-24,3.0485000610351562,yfinance
2025-07-25,2.9754998779296873,yfinance
2025-07-28,3.0170001220703124,yfinance
2025-07-29,2.965,yfinance
2025-07-30,2.9339999389648437,yfinance
2025-07-31,2.9579998779296877,yfinance
2025-08-01,2.8420001220703126,yfinance
2025-08-04,2.8854998779296874,yfinance
2025-08-05,2.9870001220703126,yfinance
2025-08-06,2.9339999389648437,yfinance
2025-08-07,2.9779998779296877,yfinance
2025-08-08,3.093500061035156,yfinance
2025-08-11,3.2070001220703124,yfinance
2025-08-12,3.151499938964844,yfinance
2025-08-13,3.196000061035156,yfinance
2025-08-14,3.265,yfinance
2025-08-15,3.4164999389648436,yfinance
2025-08-18,3.4360000610351564,yfinance
2025-08-19,3.5620001220703124,yfinance
2025-08-20,3.6025,yfinance
2025-08-21,3.7525,yfinance
2025-08-22,3.906499938964844,yfinance
2025-08-25,3.8995001220703127,yfinance
2025-08-26,3.8404998779296875,yfinance
2025-08-27,3.9379998779296876,yfinance
2025-08-28,3.8775,yfinance
2025-08-29,3.968500061035156,yfinance
2025-09-02,3.8220001220703126,yfinance
2025-09-03,3.8525,yfinance
2025-09-04,3.8575,yfinance
2025-09-05,3.8560000610351564,yfinance
2025-09-08,3.9779998779296877,yfinance
2025-09-09,3.93,yfinance
2025-09-10,4.01,yfinance
2025-09-11,4.000499877929688,yfinance
2025-09-12,4.106499938964844,yfinance
2025-09-15,4.323500061035157,yfinance
2025-09-16,4.2225,yfinance
2025-09-17,3.8854998779296874,yfinance
2025-09-18,3.8585000610351563,yfinance
2025-09-19,3.665,yfinance
2025-09-22,3.6735000610351562,yfinance
2025-09-23,3.5014999389648436,yfinance
2025-09-24,3.6775,yfinance
2025-09-25,3.7135000610351563,yfinance
2025-09-26,3.7804998779296874,yfinance
2025-09-29,3.7220001220703125,yfinance
2025-09-30,3.7485000610351564,yfinance
2025-10-01,3.838999938964844,yfinance
2025-10-02,3.781000061035156,yfinance
2025-10-03,3.9075,yfinance
2025-10-06,3.8135000610351564,yfinance
2025-10-07,3.753999938964844,yfinance
2025-10-08,3.8510000610351565,yfinance
2025-10-09,3.7725,yfinance
2025-10-10,3.7304998779296876,yfinance
2025-10-13,3.8520001220703124,yfinance
2025-10-14,3.9964999389648437,yfinance
2025-10-15,3.948999938964844,yfinance
2025-10-16,3.9379998779296876,yfinance
2025-10-17,3.9745001220703124,yfinance
2025-10-20,4.060499877929687,yfinance
2025-10-21,4.135499877929687,yfinance
2025-10-22,4.208500061035156,yfinance
2025-10-23,4.101499938964844,yfinance
2025-10-24,4.03,yfinance
2025-10-27,3.9010000610351563,yfinance
2025-10-28,3.878999938964844,yfinance
2025-10-29,3.9070001220703126,yfinance
2025-10-30,3.92,yfinance
2025-10-31,3.9204998779296876,yfinance
2025-11-03,4.066499938964844,yfinance
2025-11-04,4.0525,yfinance
2025-11-05,4.136000061035157,yfinance
2025-11-06,3.9675,yfinance
2025-11-07,4.077999877929687,yfinance
2025-11-10,4.1475,yfinance
2025-11-11,4.227000122070312,yfinance
2025-11-12,4.036499938964844,yfinance
2025-11-13,4.017000122070312,yfinance
2025-11-14,3.9979998779296877,yfinance
2025-11-17,4.025499877929687,yfinance
2025-11-18,4.153500061035157,yfinance
2025-11-19,4.045,yfinance
2025-11-20,4.065,yfinance
2025-11-21,4.0,yfinance
2025-11-24,4.0745001220703125,yfinance
2025-11-25,4.142000122070312,yfinance
2025-11-26,4.115,yfinance
2025-11-28,4.13,yfinance
2025-12-01,4.115,yfinance
2025-12-02,4.055499877929687,yfinance
2025-12-03,4.0375,yfinance
2025-12-04,4.1195001220703125,yfinance
2025-12-05,4.0625,yfinance
2025-12-08,3.9604998779296876,yfinance
2025-12-09,3.9420001220703127,yfinance
2025-12-10,4.007999877929688,yfinance
2025-12-11,4.054500122070312,yfinance
2025-12-12,3.9720001220703125,yfinance
2025-12-15,3.8770001220703123,yfinance
2025-12-16,3.7929998779296876,yfinance
2025-12-17,3.5189999389648436,yfinance
2025-12-18,3.4545001220703124,yfinance
2025-12-19,3.406499938964844,yfinance
2025-12-22,3.473500061035156,yfinance
2025-12-23,3.4695001220703126,yfinance
2025-12-24,3.4514999389648438,yfinance
2025-12-26,3.5025,yfinance
2025-12-29,3.5214999389648436,yfinance
2025-12-30,3.5020001220703123,yfinance
2025-12-31,3.4875,yfinance
2026-01-02,3.5729998779296874,yfinance
2026-01-05,3.593500061035156,yfinance
2026-01-06,3.738500061035156,yfinance
2026-01-07,3.7545001220703127,yfinance
2026-01-08,3.723500061035156,yfinance
2026-01-09,3.5764999389648438,yfinance
2026-01-12,3.5604998779296877,yfinance
2026-01-13,3.6025,yfinance
2026-01-14,3.56,yfinance
2026-01-15,3.5810000610351564,yfinance
2026-01-16,3.5529998779296874,yfinance
2026-01-20,3.465,yfinance
2026-01-21,3.475,yfinance
2026-01-22,3.4770001220703124,yfinance
2026-01-23,3.508999938964844,yfinance
2026-01-26,3.5625,yfinance
2026-01-27,3.6725,yfinance
2026-01-28,3.51,yfinance
2026-01-29,3.455,yfinance
2026-01-30,3.3225,yfinance
2026-02-02,3.3325,yfinance
2026-02-03,3.1710000610351563,yfinance
2026-02-04,3.0864999389648435,yfinance
2026-02-05,3.0839999389648436,yfinance
2026-02-06,2.9654998779296875,yfinance
2026-02-09,2.9985000610351564,yfinance
2026-02-10,2.9420001220703127,yfinance
2026-02-11,2.9479998779296874,yfinance
2026-02-12,2.9964999389648437,yfinance
2026-02-13,3.0004998779296876,yfinance
2026-02-17,2.846000061035156,yfinance
2026-02-18,2.8754998779296876,yfinance
2026-02-19,2.8739999389648436,yfinance
2026-02-20,2.8829998779296875,yfinance
2026-02-23,2.8114999389648436,yfinance
2026-02-24,2.8825,yfinance
2026-02-25,2.8829998779296875,yfinance
2026-02-26,2.86,yfinance
2026-02-27,2.846000061035156,yfinance
2026-03-02,2.883500061035156,yfinance
2026-03-03,2.8695001220703125,yfinance
2026-03-04,2.9070001220703126,yfinance
2026-03-05,2.93,yfinance
2026-03-06,2.9760000610351565,yfinance
2026-03-09,3.0175,yfinance
2026-03-10,3.0054998779296875,yfinance
2026-03-11,2.92,yfinance
2026-03-12,2.965,yfinance
2026-03-13,2.9035000610351562,yfinance
2026-03-16,2.9775,yfinance
2026-03-17,3.0204998779296877,yfinance
2026-03-18,2.9970001220703124,yfinance
2026-03-19,3.0620001220703124,yfinance
2026-03-20,3.0975,yfinance
2026-03-23,3.07,yfinance
2026-03-24,3.178500061035156,yfinance
2026-03-25,3.161000061035156,yfinance
2026-03-26,3.0764999389648438,yfinance
2026-03-27,3.0170001220703124,yfinance
2026-03-30,2.9254998779296875,yfinance
2026-03-31,2.9835000610351563,yfinance
2026-04-01,2.9779998779296877,yfinance
2026-04-02,2.9539999389648437,yfinance
2026-04-06,2.9804998779296876,yfinance
2026-04-07,2.8610000610351562,yfinance
2026-04-08,2.9404998779296876,yfinance
2026-04-09,2.9370001220703124,yfinance
2026-04-10,3.0010000610351564,yfinance
2026-04-13,3.008500061035156,yfinance
2026-04-14,3.026499938964844,yfinance
2026-04-15,3.0425,yfinance
2026-04-16,2.9645001220703127,yfinance
2026-04-17,2.8929998779296877,yfinance
2026-04-20,2.9220001220703127,yfinance
2026-04-21,2.89,yfinance
2026-04-22,3.0239999389648435,yfinance
2026-04-23,3.1635000610351565,yfinance
2026-04-24,3.0979998779296873,yfinance
2026-04-27,3.0410000610351564,yfinance
2026-04-28,3.0639999389648436,yfinance
2026-04-29,3.0525,yfinance
2026-04-30,3.008999938964844,yfinance
2026-05-01,3.02,yfinance
2026-05-04,3.0220001220703123,yfinance
2026-05-05,3.058500061035156,yfinance
2026-05-06,2.9945001220703125,yfinance
2026-05-07,2.9104998779296873,yfinance
2026-05-08,2.8970001220703123,yfinance
2026-05-11,2.9860000610351562,yfinance
2026-05-12,2.9479998779296874,yfinance
2026-05-13,2.9625,yfinance
2026-05-14,2.9445001220703126,yfinance
2026-05-15,2.846000061035156,yfinance
2026-05-18,2.7620001220703125,yfinance
2026-05-19,2.7014999389648438,yfinance
2026-05-20,2.6829998779296873,yfinance
2026-05-21,2.733999938964844,yfinance
2026-05-22,2.723500061035156,yfinance
2026-05-26,2.74,yfinance
2026-05-27,2.698500061035156,yfinance
2026-05-28,2.7425,yfinance
2026-05-29,2.656000061035156,yfinance
2026-06-01,2.6060000610351564,yfinance
2026-06-02,2.5920001220703126,yfinance
2026-06-03,2.531000061035156,yfinance
2026-06-04,2.4714999389648438,yfinance
2026-06-05,2.465,yfinance
2026-06-08,2.4589999389648436,yfinance
2026-06-09,2.443999938964844,yfinance
2026-06-10,2.483999938964844,yfinance
2026-06-11,2.539499969482422,yfinance
2026-06-12,2.5720001220703126,yfinance
2026-06-15,2.6295001220703127,yfinance
2026-06-16,2.7725,yfinance
2026-06-17,2.7785000610351562,yfinance
2026-06-18,2.7510000610351564,yfinance
2026-06-22,2.77,yfinance
2026-06-23,2.8795001220703127,yfinance
2026-06-24,2.9154998779296877,yfinance
2026-06-25,2.8879998779296874,yfinance
2026-06-26,2.8675,yfinance
2026-06-29,2.911000061035156,yfinance
2026-06-30,3.1120001220703126,yfinance
2026-07-01,3.2429998779296874,yfinance
2026-07-02,3.156499938964844,yfinance
2026-07-06,3.6395001220703125,yfinance
2026-07-07,3.3160000610351563,yfinance
2026-07-08,3.2425,yfinance
2026-07-09,3.5695001220703126,yfinance
2026-07-10,3.43,yfinance
2026-07-13,3.4139999389648437,yfinance
2026-07-14,3.3720001220703124,yfinance
2026-07-15,3.3445001220703126,yfinance
2026-07-16,3.2129998779296876,yfinance
2026-07-17,3.2845001220703125,yfinance
2026-07-20,3.343999938964844,yfinance
2026-07-21,3.3195001220703126,yfinance
2026-07-22,3.1664999389648436,yfinance
2026-07-23,3.093999938964844,yfinance
2026-07-24,3.1379998779296874,yfinance
2026-07-27,3.2454998779296873,yfinance
2026-07-28,3.3939999389648436,yfinance
2026-07-29,3.2579998779296875,yfinance
2026-07-30,3.2304998779296876,yfinance
2026-07-31,3.321000061035156,yfinance
2026-08-03,3.195,yfinance
2026-08-04,3.241000061035156,yfinance
2026-08-05,3.2689999389648436,yfinance
2026-08-06,3.216499938964844,yfinance
2026-08-07,3.3554998779296876,yfinance
2026-08-10,3.3229998779296874,yfinance
2026-08-11,3.3575,yfinance
2026-08-12,3.4010000610351563,yfinance
2026-08-13,3.3310000610351564,yfinance
2026-08-14,3.3810000610351563,yfinance
2026-08-17,3.451000061035156,yfinance
2026-08-18,3.633999938964844,yfinance
2026-08-19,3.595,yfinance
2026-08-20,3.636000061035156,yfinance
2026-08-21,3.5875,yfinance
2026-08-24,3.7775,yfinance
2026-08-25,3.713999938964844,yfinance
2026-08-26,3.576000061035156,yfinance
2026-08-27,3.4189999389648436,yfinance
2026-08-28,3.4585000610351564,yfinance
2026-08-31,3.4389999389648436,yfinance
2026-09-01,3.4225,yfinance
2026-09-02,3.2839999389648438,yfinance
2026-09-03,3.243500061035156,yfinance
2026-09-04,3.2425,yfinance
2026-09-08,3.1845001220703124,yfinance
2026-09-09,3.1920001220703127,yfinance
2026-09-10,3.1529998779296875,yfinance
2026-09-11,3.136499938964844,yfinance
2026-09-14,3.073500061035156,yfinance
2026-09-15,2.9964999389648437,yfinance
2026-09-16,2.9585000610351564,yfinance
2026-09-17,2.9054998779296874,yfinance
2026-09-18,2.9454998779296875,yfinance
2026-09-21,2.7639999389648438,yfinance
2026-09-22,2.7229998779296873,yfinance
2026-09-23,2.758999938964844,yfinance
2026-09-24,2.7535000610351563,yfinance
2026-09-25,2.786000061035156,yfinance
2026-09-28,2.8875,yfinance
2026-09-29,2.8945001220703124,yfinance
2026-09-30,2.9070001220703126,yfinance
2026-10-01,2.8825,yfinance
2026-10-02,2.9075,yfinance
