date,fx_rate,source
2014-12-18,94.68828276250115,synthetic
2014-12-19,95.08008201577218,synthetic
2014-12-22,95.43483593239681,synthetic
2014-12-23,95.29360905649843,synthetic
2014-12-24,95.21322389027944,synthetic
2014-12-25,95.06745440279563,synthetic
2014-12-26,95.23484226852457,synthetic
2014-12-29,95.22358681178284,synthetic
2014-12-30,95.44196138820091,synthetic
2014-12-31,94.91923329837472,synthetic
2015-01-01,95.37113843112397,synthetic
2015-01-02,95.348319183751,synthetic
2015-01-05,95.54791404269618,synthetic
2015-01-06,95.51355173379308,synthetic
2015-01-07,95.40975669775813,synthetic
2015-01-08,95.54718174456522,synthetic
2015-01-09,95.78860342583528,synthetic
2015-01-12,95.73520758347625,synthetic
2015-01-13,95.69612127544843,synthetic
2015-01-14,95.89797476140363,synthetic
2015-01-15,95.65269216651161,synthetic
2015-01-16,95.22387431680555,synthetic
2015-01-19,95.3415432627072,synthetic
2015-01-20,95.15469532788197,synthetic
2015-01-21,94.61281361327086,synthetic
2015-01-22,94.38675502328816,synthetic
2015-01-23,94.25915563953264,synthetic
2015-01-26,93.92704427937834,synthetic
2015-01-27,93.51211167996955,synthetic
2015-01-28,93.52706672297306,synthetic
2015-01-29,93.78384620103853,synthetic
2015-01-30,93.72296309528606,synthetic
2015-02-02,93.51879587738034,synthetic
2015-02-03,93.63155221041744,synthetic
2015-02-04,93.83792860066075,synthetic
2015-02-05,93.75819726961373,synthetic
2015-02-06,93.91621941239215,synthetic
2015-02-09,94.21521894175244,synthetic
2015-02-10,94.16144971391442,synthetic
2015-02-11,93.93662121657881,synthetic
2015-02-12,94.03934554154701,synthetic
2015-02-13,94.11391417627303,synthetic
2015-02-16,94.42938814641107,synthetic
2015-02-17,94.07088534330995,synthetic
2015-02-18,93.88904931366646,synthetic
2015-02-19,93.65794456471079,synthetic
2015-02-20,93.1766555387526,synthetic
2015-02-23,93.21666520605682,synthetic
2015-02-24,93.36905090551151,synthetic
2015-02-25,93.16699792567351,synthetic
2015-02-26,93.55977161854855,synthetic
2015-02-27,93.79544309047137,synthetic
2015-03-02,93.97684321490425,synthetic
2015-03-03,94.09486960333837,synthetic
2015-03-04,94.36974586929045,synthetic
2015-03-05,93.9981022834789,synthetic
2015-03-06,94.17609516642854,synthetic
2015-03-09,94.35126819077902,synthetic
2015-03-10,93.8569258509703,synthetic
2015-03-11,93.9593881205622,synthetic
2015-03-12,93.89352087830417,synthetic
2015-03-13,94.11862471275468,synthetic
2015-03-16,93.99943439033558,synthetic
2015-03-17,93.99899047219785,synthetic
2015-03-18,94.10042820448123,synthetic
2015-03-19,93.85807604687001,synthetic
2015-03-20,94.03147832270894,synthetic
2015-03-23,94.00657366390378,synthetic
2015-03-24,94.15027352379396,synthetic
2015-03-25,94.00769567214904,synthetic
2015-03-26,94.31924508199239,synthetic
2015-03-27,94.4953718659321,synthetic
2015-03-30,94.44964008149003,synthetic
2015-03-31,94.63360587044,synthetic
2015-04-01,94.99667777674097,synthetic
2015-04-02,95.51329445571622,synthetic
2015-04-03,95.06821795580426,synthetic
2015-04-06,95.32519134971697,synthetic
2015-04-07,95.46305543995577,synthetic
2015-04-08,95.44095044180246,synthetic
2015-04-09,95.15791183446315,synthetic
2015-04-10,95.52225980623437,synthetic
2015-04-13,95.16612925194144,synthetic
2015-04-14,95.33289552244408,synthetic
2015-04-15,95.71074151610466,synthetic
2015-04-16,95.25728803127397,synthetic
2015-04-17,95.17563482448045,synthetic
2015-04-20,94.80729159571482,synthetic
2015-04-21,94.88147529531707,synthetic
2015-04-22,95.31828019062486,synthetic
2015-04-23,95.90348082885424,synthetic
2015-04-24,95.39803057228174,synthetic
2015-04-27,95.23838719177245,synthetic
2015-04-28,95.44438507415568,synthetic
2015-04-29,95.90247987894297,synthetic
2015-04-30,96.02854322123778,synthetic
2015-05-01,95.81861876934379,synthetic
2015-05-04,95.90886436451109,synthetic
2015-05-05,95.90887802165216,synthetic
2015-05-06,95.8550669346784,synthetic
2015-05-07,95.6488734486635,synthetic
2015-05-08,95.7648490247075,synthetic
2015-05-11,95.85813481093365,synthetic
2015-05-12,95.83619037477605,synthetic
2015-05-13,95.77726312538321,synthetic
2015-05-14,95.41354697435402,synthetic
2015-05-15,95.27924902048954,synthetic
2015-05-18,95.62950404992512,synthetic
2015-05-19,95.57962956059998,synthetic
2015-05-20,95.17246107166088,synthetic
2015-05-21,95.55900918700462,synthetic
2015-05-22,95.71593075153612,synthetic
2015-05-25,96.3279977492299,synthetic
2015-05-26,96.3508818832558,synthetic
2015-05-27,96.22242070664716,synthetic
2015-05-28,95.81022958365956,synthetic
2015-05-29,96.19630765872428,synthetic
2015-06-01,96.94555279797328,synthetic
2015-06-02,96.71192406531888,synthetic
2015-06-03,96.52918924361187,synthetic
2015-06-04,96.70682781730642,synthetic
2015-06-05,96.47105082671627,synthetic
2015-06-08,96.39759920602297,synthetic
2015-06-09,96.3012966788054,synthetic
2015-06-10,96.36158827848949,synthetic
2015-06-11,96.68343798868273,synthetic
2015-06-12,96.69467352469466,synthetic
2015-06-15,96.96645061758431,synthetic
2015-06-16,96.84922444900874,synthetic
2015-06-17,96.9493597428873,synthetic
2015-06-18,96.3342679119509,synthetic
2015-06-19,95.92093483951354,synthetic
2015-06-22,96.15505040256947,synthetic
2015-06-23,95.98976284457076,synthetic
2015-06-24,96.16171384894169,synthetic
2015-06-25,96.32311549384718,synthetic
2015-06-26,96.71080783425548,synthetic
2015-06-29,96.95148900307153,synthetic
2015-06-30,97.2525996815365,synthetic
2015-07-01,97.2248852795533,synthetic
2015-07-02,97.02627756651164,synthetic
2015-07-03,96.81841058868847,synthetic
2015-07-06,96.68159335503137,synthetic
2015-07-07,96.35926490326165,synthetic
2015-07-08,96.20595117853247,synthetic
2015-07-09,96.1840468891175,synthetic
2015-07-10,96.26149042078808,synthetic
2015-07-13,96.16848205923247,synthetic
2015-07-14,95.61986831897015,synthetic
2015-07-15,95.6039155834972,synthetic
2015-07-16,95.67335280203375,synthetic
2015-07-17,95.98992531736516,synthetic
2015-07-20,96.16128492253856,synthetic
2015-07-21,95.98060607225914,synthetic
2015-07-22,95.77721536949716,synthetic
2015-07-23,96.3614874358567,synthetic
2015-07-24,96.58529729574656,synthetic
2015-07-27,97.122284278019,synthetic
2015-07-28,97.74960723382085,synthetic
2015-07-29,97.514874933652,synthetic
2015-07-30,97.63253006136674,synthetic
2015-07-31,97.77170680465969,synthetic
2015-08-03,97.94088431489011,synthetic
2015-08-04,98.10514209406722,synthetic
2015-08-05,98.16953627202419,synthetic
2015-08-06,98.22574339491528,synthetic
2015-08-07,97.7888765513826,synthetic
2015-08-10,97.74525254087656,synthetic
2015-08-11,97.53114581280265,synthetic
2015-08-12,97.57292363354428,synthetic
2015-08-13,97.44103193416403,synthetic
2015-08-14,97.62688891133908,synthetic
2015-08-17,97.87196880283285,synthetic
2015-08-18,97.96754602760811,synthetic
2015-08-19,98.0654159102261,synthetic
2015-08-20,98.09766904974428,synthetic
2015-08-21,97.97087216150491,synthetic
2015-08-24,97.92743134192354,synthetic
2015-08-25,97.78681672743713,synthetic
2015-08-26,97.9055982321051,synthetic
2015-08-27,97.91463927552482,synthetic
2015-08-28,98.09044339960958,synthetic
2015-08-31,97.70512361192941,synthetic
2015-09-01,97.97059050560517,synthetic
2015-09-02,97.75156881943413,synthetic
2015-09-03,97.54135105537007,synthetic
2015-09-04,97.48846589829553,synthetic
2015-09-07,97.32870087949706,synthetic
2015-09-08,97.41861333084724,synthetic
2015-09-09,97.25581742803429,synthetic
2015-09-10,96.94912606567708,synthetic
2015-09-11,96.70827366601922,synthetic
2015-09-14,97.0945172695594,synthetic
2015-09-15,97.11226534048772,synthetic
2015-09-16,96.77755456345487,synthetic
2015-09-17,96.78482594811659,synthetic
2015-09-18,96.3389195350768,synthetic
2015-09-21,96.86236813151223,synthetic
2015-09-22,96.42520703580676,synthetic
2015-09-23,96.56862633479948,synthetic
2015-09-24,96.73108281347471,synthetic
2015-09-25,96.31602991535702,synthetic
2015-09-28,96.40765359559406,synthetic
2015-09-29,96.70132540552432,synthetic
2015-09-30,96.84190801064348,synthetic
2015-10-01,96.92261566009499,synthetic
2015-10-02,97.20383578093049,synthetic
2015-10-05,97.25563138564712,synthetic
2015-10-06,97.35870651149295,synthetic
2015-10-07,97.32657033494564,synthetic
2015-10-08,97.51609540964982,synthetic
2015-10-09,97.24594578683495,synthetic
2015-10-12,97.48208161813206,synthetic
2015-10-13,97.33928687344464,synthetic
2015-10-14,97.02616827180663,synthetic
2015-10-15,97.1373994093473,synthetic
2015-10-16,97.63688397804141,synthetic
2015-10-19,97.9238725688549,synthetic
2015-10-20,97.77739514046665,synthetic
2015-10-21,97.98727230606356,synthetic
2015-10-22,97.85873591023524,synthetic
2015-10-23,97.82722475990059,synthetic
2015-10-26,97.85839605832156,synthetic
2015-10-27,97.18533648805472,synthetic
2015-10-28,97.24608116746276,synthetic
2015-10-29,96.95101564896169,synthetic
2015-10-30,96.75322472073123,synthetic
2015-11-02,96.33103013922201,synthetic
2015-11-03,95.8985455940537,synthetic
2015-11-04,95.63233764186306,synthetic
2015-11-05,95.87428620474826,synthetic
2015-11-06,96.35949516108074,synthetic
2015-11-09,96.35702691429958,synthetic
2015-11-10,96.67798330481732,synthetic
2015-11-11,96.60628045723152,synthetic
2015-11-12,96.05854369141495,synthetic
2015-11-13,96.10656093133481,synthetic
2015-11-16,96.23994790404959,synthetic
2015-11-17,96.12108326128593,synthetic
2015-11-18,96.21308367791696,synthetic
2015-11-19,96.38330694343435,synthetic
2015-11-20,96.13878258360856,synthetic
2015-11-23,95.71856747466019,synthetic
2015-11-24,95.65983703288586,synthetic
2015-11-25,95.60406623791042,synthetic
2015-11-26,95.50774688206285,synthetic
2015-11-27,95.79582499881504,synthetic
2015-11-30,96.29783820512908,synthetic
2015-12-01,96.18235577557066,synthetic
2015-12-02,96.3890483719539,synthetic
2015-12-03,96.66635231579525,synthetic
2015-12-04,96.87823219038393,synthetic
2015-12-07,97.18800616846052,synthetic
2015-12-08,97.07943671975912,synthetic
2015-12-09,97.3000008271179,synthetic
2015-12-10,97.8976400474978,synthetic
2015-12-11,98.13886251655289,synthetic
2015-12-14,97.96142308384358,synthetic
2015-12-15,98.14509026042718,synthetic
2015-12-16,98.52241024997433,synthetic
2015-12-17,98.63646258954995,synthetic
2015-12-18,98.47481146411253,synthetic
2015-12-21,98.93667866456356,synthetic
2015-12-22,98.5713582281882,synthetic
2015-12-23,98.7252767143126,synthetic
2015-12-24,98.7254221640596,synthetic
2015-12-25,98.37743770487036,synthetic
2015-12-28,98.74293285554306,synthetic
2015-12-29,98.85098340076416,synthetic
2015-12-30,98.51049625351808,synthetic
2015-12-31,98.69342108261633,synthetic
2016-01-01,98.57064381756312,synthetic
2016-01-04,98.01447008767835,synthetic
2016-01-05,97.81700198417028,synthetic
2016-01-06,97.89926684497058,synthetic
2016-01-07,98.09105396070184,synthetic
2016-01-08,98.14469448268763,synthetic
2016-01-11,98.16290152471413,synthetic
2016-01-12,98.30632108681232,synthetic
2016-01-13,98.24903224886722,synthetic
2016-01-14,98.60147930884874,synthetic
2016-01-15,98.65039036912138,synthetic
2016-01-18,98.74235215302487,synthetic
2016-01-19,98.9076267278621,synthetic
2016-01-20,98.59936729328217,synthetic
2016-01-21,98.39472196525436,synthetic
2016-01-22,98.85191294202302,synthetic
2016-01-25,98.95634838242344,synthetic
2016-01-26,98.87742772198214,synthetic
2016-01-27,98.98372372685944,synthetic
2016-01-28,98.84575087551656,synthetic
2016-01-29,98.93333722680606,synthetic
2016-02-01,98.74084087183435,synthetic
2016-02-02,98.82757897914405,synthetic
2016-02-03,98.36584081595586,synthetic
2016-02-04,98.76431516692578,synthetic
2016-02-05,98.61737699699098,synthetic
2016-02-08,98.15557891220556,synthetic
2016-02-09,98.09459171230104,synthetic
2016-02-10,97.99037368224499,synthetic
2016-02-11,98.04008654088817,synthetic
2016-02-12,97.70870843737505,synthetic
2016-02-15,97.83017686437637,synthetic
2016-02-16,98.90440617017015,synthetic
2016-02-17,98.53066172091685,synthetic
2016-02-18,98.63546997484835,synthetic
2016-02-19,98.54849641565576,synthetic
2016-02-22,98.61038704023416,synthetic
2016-02-23,98.08075541451957,synthetic
2016-02-24,97.74755111487075,synthetic
2016-02-25,97.8873301209836,synthetic
2016-02-26,97.88094278385036,synthetic
2016-02-29,98.36721671756493,synthetic
2016-03-01,98.16435766728043,synthetic
2016-03-02,98.22067093339906,synthetic
2016-03-03,99.08777325462485,synthetic
2016-03-04,98.86540419928423,synthetic
2016-03-07,98.60262372880325,synthetic
2016-03-08,98.59716225561989,synthetic
2016-03-09,98.58891119796779,synthetic
2016-03-10,98.8438462860566,synthetic
2016-03-11,98.88722132554865,synthetic
2016-03-14,98.66791368850869,synthetic
2016-03-15,98.7354517588513,synthetic
2016-03-16,99.52509856347271,synthetic
2016-03-17,99.9105394656935,synthetic
2016-03-18,99.08505997367212,synthetic
2016-03-21,99.04780596860557,synthetic
2016-03-22,98.7930591321673,synthetic
2016-03-23,98.98260603980954,synthetic
2016-03-24,98.93611587875218,synthetic
2016-03-25,99.51639803251364,synthetic
2016-03-28,99.79979623915794,synthetic
2016-03-29,100.0717421536629,synthetic
2016-03-30,100.13277581843163,synthetic
2016-03-31,100.12567736118693,synthetic
2016-04-01,100.23292327773257,synthetic
2016-04-04,100.62820132895938,synthetic
2016-04-05,100.79469436574955,synthetic
2016-04-06,100.69360792493363,synthetic
2016-04-07,101.08457829479677,synthetic
2016-04-08,101.1479105420458,synthetic
2016-04-11,101.12941782378647,synthetic
2016-04-12,100.89465277573973,synthetic
2016-04-13,100.7285176567679,synthetic
2016-04-14,100.54152371909599,synthetic
2016-04-15,99.70778338974425,synthetic
2016-04-18,100.01741097908385,synthetic
2016-04-19,100.19253785092249,synthetic
2016-04-20,100.1331601363867,synthetic
2016-04-21,100.4528891353688,synthetic
2016-04-22,100.58999667697985,synthetic
2016-04-25,100.7072223444968,synthetic
2016-04-26,99.96730953560058,synthetic
2016-04-27,99.90244702909933,synthetic
2016-04-28,100.06707864061488,synthetic
2016-04-29,100.55650497032363,synthetic
2016-05-02,101.11825693468026,synthetic
2016-05-03,101.55679588926508,synthetic
2016-05-04,101.20856410732993,synthetic
2016-05-05,100.54851674956606,synthetic
2016-05-06,100.72577985472527,synthetic
2016-05-09,100.7391619122409,synthetic
2016-05-10,101.03553440238687,synthetic
2016-05-11,101.0024352200789,synthetic
2016-05-12,101.07409811222509,synthetic
2016-05-13,100.62532096942313,synthetic
2016-05-16,100.76569340039991,synthetic
2016-05-17,100.63632330015689,synthetic
2016-05-18,100.74707973758761,synthetic
2016-05-19,100.89107132957855,synthetic
2016-05-20,100.86064047001847,synthetic
2016-05-23,100.96159228212294,synthetic
2016-05-24,100.9625190035836,synthetic
2016-05-25,101.19779291709831,synthetic
2016-05-26,101.35530109260893,synthetic
2016-05-27,101.19410733410461,synthetic
2016-05-30,101.02083892922276,synthetic
2016-05-31,101.55576311571488,synthetic
2016-06-01,101.52989137572766,synthetic
2016-06-02,101.83752740344015,synthetic
2016-06-03,101.96288065636878,synthetic
2016-06-06,101.79556063234746,synthetic
2016-06-07,101.57216926418621,synthetic
2016-06-08,101.61386070726927,synthetic
2016-06-09,101.69721450883081,synthetic
2016-06-10,101.88991895243748,synthetic
2016-06-13,101.5084660396968,synthetic
2016-06-14,101.3325978258565,synthetic
2016-06-15,101.30882812751234,synthetic
2016-06-16,101.80159827947696,synthetic
2016-06-17,101.0883885681537,synthetic
2016-06-20,101.22670479506375,synthetic
2016-06-21,101.06788965562328,synthetic
2016-06-22,101.20382958330381,synthetic
2016-06-23,101.05962216637387,synthetic
2016-06-24,101.17526544101167,synthetic
2016-06-27,101.65637247450097,synthetic
2016-06-28,101.76953722946467,synthetic
2016-06-29,101.90703924778136,synthetic
2016-06-30,102.02619473757963,synthetic
2016-07-01,101.8018880806027,synthetic
2016-07-04,101.97296248410088,synthetic
2016-07-05,101.91434084005118,synthetic
2016-07-06,101.67155043387598,synthetic
2016-07-07,101.66487654817783,synthetic
2016-07-08,101.60065831899924,synthetic
2016-07-11,101.83567186935738,synthetic
2016-07-12,101.82767628307238,synthetic
2016-07-13,101.67115252672563,synthetic
2016-07-14,102.12132067885865,synthetic
2016-07-15,102.4296978059652,synthetic
2016-07-18,102.82575704075617,synthetic
2016-07-19,103.0185303742642,synthetic
2016-07-20,102.98978222515979,synthetic
2016-07-21,102.86551972399494,synthetic
2016-07-22,102.78449156876478,synthetic
2016-07-25,103.08228504707937,synthetic
2016-07-26,103.1220525676964,synthetic
2016-07-27,102.66946327762122,synthetic
2016-07-28,102.66255915333836,synthetic
2016-07-29,102.23245312731272,synthetic
2016-08-01,102.28845069395214,synthetic
2016-08-02,101.92480252397338,synthetic
2016-08-03,101.5441320853569,synthetic
2016-08-04,101.58534079456786,synthetic
2016-08-05,101.56658550635004,synthetic
2016-08-08,101.06656034858926,synthetic
2016-08-09,101.29874115669898,synthetic
2016-08-10,101.96333362154841,synthetic
2016-08-11,101.51627669236854,synthetic
2016-08-12,102.07712921250908,synthetic
2016-08-15,101.87181711297474,synthetic
2016-08-16,101.72601341644284,synthetic
2016-08-17,101.67651931002116,synthetic
2016-08-18,101.24168334675176,synthetic
2016-08-19,101.6421127129464,synthetic
2016-08-22,101.79754881174584,synthetic
2016-08-23,101.57339724824877,synthetic
2016-08-24,101.49407590262658,synthetic
2016-08-25,101.0384717745868,synthetic
2016-08-26,100.93816279168611,synthetic
2016-08-29,101.22712142378579,synthetic
2016-08-30,100.71259333910477,synthetic
2016-08-31,100.58590403419883,synthetic
2016-09-01,100.63524096351995,synthetic
2016-09-02,100.95725628323382,synthetic
2016-09-05,101.37182715112294,synthetic
2016-09-06,101.23792655131706,synthetic
2016-09-07,101.0183854374454,synthetic
2016-09-08,101.16003151041032,synthetic
2016-09-09,101.05490357700582,synthetic
2016-09-12,100.96600851067878,synthetic
2016-09-13,101.29878953086175,synthetic
2016-09-14,101.8186892765448,synthetic
2016-09-15,101.90502765900537,synthetic
2016-09-16,101.85137408399748,synthetic
2016-09-19,102.03117662096236,synthetic
2016-09-20,101.46012582079868,synthetic
2016-09-21,101.45964417144188,synthetic
2016-09-22,101.14239693130608,synthetic
2016-09-23,101.87511272156549,synthetic
2016-09-26,102.10056692627955,synthetic
2016-09-27,102.14898525631926,synthetic
2016-09-28,102.0945447688722,synthetic
2016-09-29,101.33221995038325,synthetic
2016-09-30,101.55421958079313,synthetic
2016-10-03,102.05694540292144,synthetic
2016-10-04,101.83913760449526,synthetic
2016-10-05,102.05324629773345,synthetic
2016-10-06,102.27981371263517,synthetic
2016-10-07,101.81097890346513,synthetic
2016-10-10,102.10229134848987,synthetic
2016-10-11,102.52324059039175,synthetic
2016-10-12,102.59866805164039,synthetic
2016-10-13,102.58435181844774,synthetic
2016-10-14,102.83227832111962,synthetic
2016-10-17,102.36317545799427,synthetic
2016-10-18,102.39694471258301,synthetic
2016-10-19,102.72647786089193,synthetic
2016-10-20,102.34941488094263,synthetic
2016-10-21,102.65976919404567,synthetic
2016-10-24,102.53617056563628,synthetic
2016-10-25,101.90317920806427,synthetic
2016-10-26,101.87594984743424,synthetic
2016-10-27,101.58442288658706,synthetic
2016-10-28,101.68684912957046,synthetic
2016-10-31,101.33496968486745,synthetic
2016-11-01,101.65984512323486,synthetic
2016-11-02,101.43983839455898,synthetic
2016-11-03,101.55342046807088,synthetic
2016-11-04,101.37768827697731,synthetic
2016-11-07,101.28459374941532,synthetic
2016-11-08,101.65244515432666,synthetic
2016-11-09,101.72320313302524,synthetic
2016-11-10,101.60780301172596,synthetic
2016-11-11,101.23209080956133,synthetic
2016-11-14,101.590056704141,synthetic
2016-11-15,101.81873217615882,synthetic
2016-11-16,101.72412477896698,synthetic
2016-11-17,101.80349373475845,synthetic
2016-11-18,101.49460967957866,synthetic
2016-11-21,101.19113516279188,synthetic
2016-11-22,100.94568427044534,synthetic
2016-11-23,101.05782465391906,synthetic
2016-11-24,101.15261460025305,synthetic
2016-11-25,100.93174569818574,synthetic
2016-11-28,101.16044563265054,synthetic
2016-11-29,101.40393606782557,synthetic
2016-11-30,101.46162337247888,synthetic
2016-12-01,101.78327499478407,synthetic
2016-12-02,101.70065163776597,synthetic
2016-12-05,101.67125794955133,synthetic
2016-12-06,101.82067961306657,synthetic
2016-12-07,101.81537163292218,synthetic
2016-12-08,102.06325709638587,synthetic
2016-12-09,101.68550687259928,synthetic
2016-12-12,102.12648350617204,synthetic
2016-12-13,101.89249276994693,synthetic
2016-12-14,101.84725301720617,synthetic
2016-12-15,101.432296193972,synthetic
2016-12-16,101.62018740156428,synthetic
2016-12-19,102.0143780295325,synthetic
2016-12-20,102.34780902750197,synthetic
2016-12-21,102.60914179946464,synthetic
2016-12-22,102.13603490996425,synthetic
2016-12-23,101.9017482037838,synthetic
2016-12-26,101.76552649026382,synthetic
2016-12-27,101.48562921596,synthetic
2016-12-28,101.83310931328052,synthetic
2016-12-29,101.8945793476331,synthetic
2016-12-30,101.89219163788209,synthetic
2017-01-02,102.0464311226707,synthetic
2017-01-03,101.76060650043009,synthetic
2017-01-04,101.48875533781936,synthetic
2017-01-05,101.22579559188088,synthetic
2017-01-06,101.38209365327874,synthetic
2017-01-09,101.49111660410104,synthetic
2017-01-10,101.67236656211105,synthetic
2017-01-11,102.00692470715057,synthetic
2017-01-12,101.59748670557602,synthetic
2017-01-13,101.43186725645471,synthetic
2017-01-16,101.48184635207384,synthetic
2017-01-17,101.07711086861175,synthetic
2017-01-18,100.92091333337005,synthetic
2017-01-19,101.23345249820237,synthetic
2017-01-20,101.57395896605135,synthetic
2017-01-23,101.90768083391006,synthetic
2017-01-24,101.92592934950797,synthetic
2017-01-25,101.86622817260583,synthetic
2017-01-26,102.20177424088341,synthetic
2017-01-27,102.0926873429837,synthetic
2017-01-30,102.20144504757707,synthetic
2017-01-31,102.61372070366026,synthetic
2017-02-01,102.50575480584291,synthetic
2017-02-02,102.32328731571553,synthetic
2017-02-03,102.3255268061092,synthetic
2017-02-06,102.51450576902545,synthetic
2017-02-07,102.66810822000235,synthetic
2017-02-08,102.72126024744324,synthetic
2017-02-09,102.89801674472795,synthetic
2017-02-10,102.41053342613276,synthetic
2017-02-13,102.151987200903,synthetic
2017-02-14,102.20713129481528,synthetic
2017-02-15,101.9278763535826,synthetic
2017-02-16,101.52351487299799,synthetic
2017-02-17,101.16137213447168,synthetic
2017-02-20,100.88815166391603,synthetic
2017-02-21,100.83918995051143,synthetic
2017-02-22,100.53532837241004,synthetic
2017-02-23,100.61123067241569,synthetic
2017-02-24,101.12956947547467,synthetic
2017-02-27,101.08984560253528,synthetic
2017-02-28,101.48223703345697,synthetic
2017-03-01,101.57516576262705,synthetic
2017-03-02,101.23956139089415,synthetic
2017-03-03,101.16677316906666,synthetic
2017-03-06,100.87426802926498,synthetic
2017-03-07,101.11198616345752,synthetic
2017-03-08,100.76785341696988,synthetic
2017-03-09,101.1735246364233,synthetic
2017-03-10,101.35423644673259,synthetic
2017-03-13,100.74622608263677,synthetic
2017-03-14,100.9886128203502,synthetic
2017-03-15,101.46529463344525,synthetic
2017-03-16,101.23000895613063,synthetic
2017-03-17,101.53473947104133,synthetic
2017-03-20,100.99346941843133,synthetic
2017-03-21,101.0749504566265,synthetic
2017-03-22,100.57745802684859,synthetic
2017-03-23,100.72815265810695,synthetic
2017-03-24,100.19431414650913,synthetic
2017-03-27,99.41100594975187,synthetic
2017-03-28,99.53418080777801,synthetic
2017-03-29,100.22471151838431,synthetic
2017-03-30,100.05077143128236,synthetic
2017-03-31,100.30527322351546,synthetic
2017-04-03,100.34361053200928,synthetic
2017-04-04,100.25128531159972,synthetic
2017-04-05,100.4415574079728,synthetic
2017-04-06,100.9427229183388,synthetic
2017-04-07,100.57441207682656,synthetic
2017-04-10,100.7497342424642,synthetic
2017-04-11,100.85914800615859,synthetic
2017-04-12,100.43411418957362,synthetic
2017-04-13,100.92685685258111,synthetic
2017-04-14,101.52389008107491,synthetic
2017-04-17,101.2391788862394,synthetic
2017-04-18,101.77347666095066,synthetic
2017-04-19,101.79571031996932,synthetic
2017-04-20,101.75095600461637,synthetic
2017-04-21,102.21603531032943,synthetic
2017-04-24,102.29091538030971,synthetic
2017-04-25,102.39525698449347,synthetic
2017-04-26,102.86767133788506,synthetic
2017-04-27,103.2711525017951,synthetic
2017-04-28,103.55341079812801,synthetic
2017-05-01,103.12438451588226,synthetic
2017-05-02,102.64420678404913,synthetic
2017-05-03,102.99671855085094,synthetic
2017-05-04,102.71590468392418,synthetic
2017-05-05,102.76680795329106,synthetic
2017-05-08,102.44132596488316,synthetic
2017-05-09,102.3900096138355,synthetic
2017-05-10,102.00308522209332,synthetic
2017-05-11,102.50828066161748,synthetic
2017-05-12,102.20052808907342,synthetic
2017-05-15,102.16823958132385,synthetic
2017-05-16,102.11567748946862,synthetic
2017-05-17,102.49095564754593,synthetic
2017-05-18,102.06040709735817,synthetic
2017-05-19,102.05530154121253,synthetic
2017-05-22,101.99636093419419,synthetic
2017-05-23,102.16374938487822,synthetic
2017-05-24,102.31363642827786,synthetic
2017-05-25,102.17650131337498,synthetic
2017-05-26,102.25508051377473,synthetic
2017-05-29,102.14532838429042,synthetic
2017-05-30,102.29399108192005,synthetic
2017-05-31,102.26762917518136,synthetic
2017-06-01,102.07179979945978,synthetic
2017-06-02,102.06846505923829,synthetic
2017-06-05,102.18502760090796,synthetic
2017-06-06,102.8871559008304,synthetic
2017-06-07,102.74078013040167,synthetic
2017-06-08,102.84048438318842,synthetic
2017-06-09,103.29801939559691,synthetic
2017-06-12,102.66114358305319,synthetic
2017-06-13,102.13082423394377,synthetic
2017-06-14,101.77236503428797,synthetic
2017-06-15,101.74257964257491,synthetic
2017-06-16,102.49518528666216,synthetic
2017-06-19,102.62072655889583,synthetic
2017-06-20,102.9984718389351,synthetic
2017-06-21,102.93503216626817,synthetic
2017-06-22,102.1821354164052,synthetic
2017-06-23,101.48042748032547,synthetic
2017-06-26,101.79610121321653,synthetic
2017-06-27,101.85766356814133,synthetic
2017-06-28,101.46672234070603,synthetic
2017-06-29,101.81249610016438,synthetic
2017-06-30,101.3485922819434,synthetic
2017-07-03,101.69912603937647,synthetic
2017-07-04,102.14799898144037,synthetic
2017-07-05,101.91898794957704,synthetic
2017-07-06,101.58581515784994,synthetic
2017-07-07,101.84854857536007,synthetic
2017-07-10,101.51951299136697,synthetic
2017-07-11,101.78743676999247,synthetic
2017-07-12,101.42818075516327,synthetic
2017-07-13,101.67929617983765,synthetic
2017-07-14,101.71301870981226,synthetic
2017-07-17,101.58612599417579,synthetic
2017-07-18,101.31859079684048,synthetic
2017-07-19,101.39589842750893,synthetic
2017-07-20,100.82684695413968,synthetic
2017-07-21,100.7484450025061,synthetic
2017-07-24,100.63381194026637,synthetic
2017-07-25,100.84386037483857,synthetic
2017-07-26,100.47027601410669,synthetic
2017-07-27,100.99310398311248,synthetic
2017-07-28,100.90379062563737,synthetic
2017-07-31,100.56487003239216,synthetic
2017-08-01,100.98896247852845,synthetic
2017-08-02,101.49910914943005,synthetic
2017-08-03,101.44702140260647,synthetic
2017-08-04,101.18125243491366,synthetic
2017-08-07,101.19118476341934,synthetic
2017-08-08,100.98686014200915,synthetic
2017-08-09,100.89741525712999,synthetic
2017-08-10,101.37531283421319,synthetic
2017-08-11,101.49964503700629,synthetic
2017-08-14,101.54900428170173,synthetic
2017-08-15,101.65955344376276,synthetic
2017-08-16,101.64692105505588,synthetic
2017-08-17,101.90896895033556,synthetic
2017-08-18,102.18325550895094,synthetic
2017-08-21,102.07508539148593,synthetic
2017-08-22,102.11237667571865,synthetic
2017-08-23,102.85958049944938,synthetic
2017-08-24,102.99490895767707,synthetic
2017-08-25,102.94264611061149,synthetic
2017-08-28,103.5827773821715,synthetic
2017-08-29,103.5908879889304,synthetic
2017-08-30,103.25559987101319,synthetic
2017-08-31,103.46994757920405,synthetic
2017-09-01,103.19616902831824,synthetic
2017-09-04,103.04750165103877,synthetic
2017-09-05,103.15358964512723,synthetic
2017-09-06,103.11952356090701,synthetic
2017-09-07,102.88874703078656,synthetic
2017-09-08,102.72396186910825,synthetic
2017-09-11,102.54638992097752,synthetic
2017-09-12,102.91092828358661,synthetic
2017-09-13,102.69370700219288,synthetic
2017-09-14,102.5226943471803,synthetic
2017-09-15,103.15670557953266,synthetic
2017-09-18,102.99062374313735,synthetic
2017-09-19,103.45701429261571,synthetic
2017-09-20,103.87137991790827,synthetic
2017-09-21,103.82898257700109,synthetic
2017-09-22,103.39297020322121,synthetic
2017-09-25,103.53875796785071,synthetic
2017-09-26,103.7531003098003,synthetic
2017-09-27,104.05997905808246,synthetic
2017-09-28,104.08762966862423,synthetic
2017-09-29,104.46967206220344,synthetic
2017-10-02,104.91157847308452,synthetic
2017-10-03,104.58548125686009,synthetic
2017-10-04,105.04020739199488,synthetic
2017-10-05,105.10047858254399,synthetic
2017-10-06,104.92749620354266,synthetic
2017-10-09,104.83248718919454,synthetic
2017-10-10,105.42991638858948,synthetic
2017-10-11,105.74690205086058,synthetic
2017-10-12,105.18612338236586,synthetic
2017-10-13,105.21772314968828,synthetic
2017-10-16,105.17884714008352,synthetic
2017-10-17,105.12871383370253,synthetic
2017-10-18,104.97224477901229,synthetic
2017-10-19,104.5198572990209,synthetic
2017-10-20,104.79562326657036,synthetic
2017-10-23,104.50583833419664,synthetic
2017-10-24,104.39510796141174,synthetic
2017-10-25,104.21183055662988,synthetic
2017-10-26,103.98973457423159,synthetic
2017-10-27,104.22707144164244,synthetic
2017-10-30,104.35235700422334,synthetic
2017-10-31,104.14672642392328,synthetic
2017-11-01,103.85714029196716,synthetic
2017-11-02,103.7161727897657,synthetic
2017-11-03,104.02269880634653,synthetic
2017-11-06,104.0672055037956,synthetic
2017-11-07,104.14520718728562,synthetic
2017-11-08,104.04792988749941,synthetic
2017-11-09,103.97266375047546,synthetic
2017-11-10,104.04543172030279,synthetic
2017-11-13,103.47679370835074,synthetic
2017-11-14,103.98363661522103,synthetic
2017-11-15,103.74340759807093,synthetic
2017-11-16,103.57186014556589,synthetic
2017-11-17,103.99378770750121,synthetic
2017-11-20,104.06840933358966,synthetic
2017-11-21,104.0867530761876,synthetic
2017-11-22,103.90996029163578,synthetic
2017-11-23,103.42960636108796,synthetic
2017-11-24,103.49218323972717,synthetic
2017-11-27,103.86914333840147,synthetic
2017-11-28,103.59436165300424,synthetic
2017-11-29,104.02395079477463,synthetic
2017-11-30,103.67797926960692,synthetic
2017-12-01,103.45510070481458,synthetic
2017-12-04,103.61741183573565,synthetic
2017-12-05,103.62261311324563,synthetic
2017-12-06,103.84280271563046,synthetic
2017-12-07,103.61716785980333,synthetic
2017-12-08,103.30210404014856,synthetic
2017-12-11,102.73024335079177,synthetic
2017-12-12,102.36505783731569,synthetic
2017-12-13,102.04022507778566,synthetic
2017-12-14,101.60941540803199,synthetic
2017-12-15,101.70857190785651,synthetic
2017-12-18,101.5112804981477,synthetic
2017-12-19,100.91262516307764,synthetic
2017-12-20,101.67236066979426,synthetic
2017-12-21,101.42310569107883,synthetic
2017-12-22,101.04686347117234,synthetic
2017-12-25,101.4284646974183,synthetic
2017-12-26,101.78879916223184,synthetic
2017-12-27,101.44289683402503,synthetic
2017-12-28,101.00036207506238,synthetic
2017-12-29,100.70282988708547,synthetic
2018-01-01,101.04968826286742,synthetic
2018-01-02,100.9604217886457,synthetic
2018-01-03,100.72081515571683,synthetic
2018-01-04,100.71727818096076,synthetic
2018-01-05,101.08683907322155,synthetic
2018-01-08,100.67135385734494,synthetic
2018-01-09,100.56053492993654,synthetic
2018-01-10,100.14903804447633,synthetic
2018-01-11,100.80882721799291,synthetic
2018-01-12,101.36530592947075,synthetic
2018-01-15,101.66004638054767,synthetic
2018-01-16,101.62445078227776,synthetic
2018-01-17,101.8306911389307,synthetic
2018-01-18,101.19562278561833,synthetic
2018-01-19,101.28464123605269,synthetic
2018-01-22,100.88449892798452,synthetic
2018-01-23,100.48937183928726,synthetic
2018-01-24,100.28215785191166,synthetic
2018-01-25,100.18186067614833,synthetic
2018-01-26,100.35960632088127,synthetic
2018-01-29,100.57581639372648,synthetic
2018-01-30,100.66013603686146,synthetic
2018-01-31,100.38038734582365,synthetic
2018-02-01,100.589190679448,synthetic
2018-02-02,100.55772718360228,synthetic
2018-02-05,100.919447486528,synthetic
2018-02-06,100.64719240437374,synthetic
2018-02-07,99.82129944076333,synthetic
2018-02-08,99.68362833273572,synthetic
2018-02-09,100.33406261730471,synthetic
2018-02-12,100.48035208301201,synthetic
2018-02-13,100.4268115796254,synthetic
2018-02-14,100.69842188205216,synthetic
2018-02-15,100.8555883656711,synthetic
2018-02-16,101.00032144142027,synthetic
2018-02-19,100.8498787943618,synthetic
2018-02-20,100.87797072046718,synthetic
2018-02-21,100.94392369262016,synthetic
2018-02-22,100.7545303802715,synthetic
2018-02-23,100.42196677227109,synthetic
2018-02-26,100.4688816131098,synthetic
2018-02-27,100.7662415490729,synthetic
2018-02-28,100.96715917166597,synthetic
2018-03-01,101.12195260768965,synthetic
2018-03-02,101.28012421423078,synthetic
2018-03-05,102.07340312895725,synthetic
2018-03-06,102.15812358608426,synthetic
2018-03-07,102.48310527559896,synthetic
2018-03-08,103.0917386512397,synthetic
2018-03-09,103.11330659781488,synthetic
2018-03-12,103.20032866744654,synthetic
2018-03-13,103.52924957206478,synthetic
2018-03-14,104.05994914505268,synthetic
2018-03-15,104.16294824974183,synthetic
2018-03-16,104.281663014693,synthetic
2018-03-19,104.31530122830853,synthetic
2018-03-20,103.94389242872255,synthetic
2018-03-21,104.29821640933558,synthetic
2018-03-22,104.22445190809158,synthetic
2018-03-23,103.69361144707509,synthetic
2018-03-26,103.65396553917019,synthetic
2018-03-27,103.12346993068297,synthetic
2018-03-28,102.81825546967568,synthetic
2018-03-29,102.82990049727756,synthetic
2018-03-30,102.55255452571518,synthetic
2018-04-02,102.8890643268285,synthetic
2018-04-03,102.44324567659942,synthetic
2018-04-04,102.53111804105207,synthetic
2018-04-05,102.70996551740957,synthetic
2018-04-06,103.16829249397509,synthetic
2018-04-09,103.46169813382453,synthetic
2018-04-10,103.54176845333403,synthetic
2018-04-11,103.57449496087679,synthetic
2018-04-12,103.56412810345921,synthetic
2018-04-13,103.92645047814011,synthetic
2018-04-16,103.72986277918704,synthetic
2018-04-17,103.90019369737385,synthetic
2018-04-18,103.87916840586651,synthetic
2018-04-19,103.96242929051839,synthetic
2018-04-20,103.88893729659759,synthetic
2018-04-23,104.56496387021404,synthetic
2018-04-24,104.36750190851484,synthetic
2018-04-25,104.4553563341864,synthetic
2018-04-26,104.55052333664493,synthetic
2018-04-27,104.7501658157503,synthetic
2018-04-30,104.90061743487448,synthetic
2018-05-01,105.04318007083035,synthetic
2018-05-02,105.36199566376042,synthetic
2018-05-03,104.89629571143101,synthetic
2018-05-04,104.90838074606881,synthetic
2018-05-07,104.52981693677354,synthetic
2018-05-08,104.61177819925469,synthetic
2018-05-09,104.25025700365556,synthetic
2018-05-10,103.95944516566917,synthetic
2018-05-11,103.94959664526476,synthetic
2018-05-14,104.39509287755067,synthetic
2018-05-15,104.58525998569746,synthetic
2018-05-16,104.68759074694434,synthetic
2018-05-17,105.13855252664551,synthetic
2018-05-18,104.85015608542197,synthetic
2018-05-21,104.20344366911534,synthetic
2018-05-22,104.08033741854561,synthetic
2018-05-23,104.00283898704159,synthetic
2018-05-24,104.39818703239389,synthetic
2018-05-25,105.07978860180026,synthetic
2018-05-28,104.67088003129645,synthetic
2018-05-29,105.4612588518486,synthetic
2018-05-30,105.96701436406579,synthetic
2018-05-31,106.24361268584795,synthetic
2018-06-01,106.37069480483964,synthetic
2018-06-04,107.15750612122166,synthetic
2018-06-05,107.19320888529637,synthetic
2018-06-06,107.05078390340418,synthetic
2018-06-07,107.1052797186204,synthetic
2018-06-08,106.67600795782306,synthetic
2018-06-11,106.83699161673016,synthetic
2018-06-12,106.81162715507777,synthetic
2018-06-13,106.92745206350094,synthetic
2018-06-14,107.05292004993403,synthetic
2018-06-15,106.72323763681332,synthetic
2018-06-18,107.15537503398372,synthetic
2018-06-19,106.83951745399136,synthetic
2018-06-20,107.13448977670917,synthetic
2018-06-21,106.63350112239316,synthetic
2018-06-22,106.76235291868964,synthetic
2018-06-25,106.50997802808229,synthetic
2018-06-26,106.53359751653082,synthetic
2018-06-27,106.33561398908017,synthetic
2018-06-28,105.65138325835895,synthetic
2018-06-29,105.30864669520535,synthetic
2018-07-02,105.3403690152502,synthetic
2018-07-03,105.54782329777426,synthetic
2018-07-04,105.093701038965,synthetic
2018-07-05,104.43582848887155,synthetic
2018-07-06,104.17292451591614,synthetic
2018-07-09,104.11688229686641,synthetic
2018-07-10,103.92928167212442,synthetic
2018-07-11,103.68712457748298,synthetic
2018-07-12,103.96206048188874,synthetic
2018-07-13,104.27378397994148,synthetic
2018-07-16,104.51614520745851,synthetic
2018-07-17,104.23249421834183,synthetic
2018-07-18,104.26638197150585,synthetic
2018-07-19,104.21585667119682,synthetic
2018-07-20,103.78050899109702,synthetic
2018-07-23,104.06564280029713,synthetic
2018-07-24,104.10312221099082,synthetic
2018-07-25,103.96178966170223,synthetic
2018-07-26,104.41488385206634,synthetic
2018-07-27,104.66448487451066,synthetic
2018-07-30,104.94369723718624,synthetic
2018-07-31,105.33230596691062,synthetic
2018-08-01,105.56951724600567,synthetic
2018-08-02,105.17962408138804,synthetic
2018-08-03,105.06704238494581,synthetic
2018-08-06,105.3937670217746,synthetic
2018-08-07,105.16093057462396,synthetic
2018-08-08,105.18255333852015,synthetic
2018-08-09,105.31805298242806,synthetic
2018-08-10,105.78442984210335,synthetic
2018-08-13,106.20734803292605,synthetic
2018-08-14,106.50391904539347,synthetic
2018-08-15,106.45424988330097,synthetic
2018-08-16,106.75669162206205,synthetic
2018-08-17,106.93578962561392,synthetic
2018-08-20,106.89367195183658,synthetic
2018-08-21,107.33972378147031,synthetic
2018-08-22,107.50884284883469,synthetic
2018-08-23,107.27494623631098,synthetic
2018-08-24,107.69286915579862,synthetic
2018-08-27,107.6200480433443,synthetic
2018-08-28,107.8214195619136,synthetic
2018-08-29,107.33887802110866,synthetic
2018-08-30,107.34196255910736,synthetic
2018-08-31,107.04690225853048,synthetic
2018-09-03,106.74405932845028,synthetic
2018-09-04,106.14291326024458,synthetic
2018-09-05,106.83652546974233,synthetic
2018-09-06,106.79730355094625,synthetic
2018-09-07,106.88241658317017,synthetic
2018-09-10,107.24702250114767,synthetic
2018-09-11,107.21651400485798,synthetic
2018-09-12,107.39044130442474,synthetic
2018-09-13,106.96201966703771,synthetic
2018-09-14,107.03354825680675,synthetic
2018-09-17,106.90915482361059,synthetic
2018-09-18,107.07821757099155,synthetic
2018-09-19,107.14472841910703,synthetic
2018-09-20,106.70853443784475,synthetic
2018-09-21,106.12552952641497,synthetic
2018-09-24,105.81099043600598,synthetic
2018-09-25,106.05333381297183,synthetic
2018-09-26,106.19670652031327,synthetic
2018-09-27,106.3332204363143,synthetic
2018-09-28,105.69887201104024,synthetic
2018-10-01,104.85722151697004,synthetic
2018-10-02,104.6687676448211,synthetic
2018-10-03,104.5718134235036,synthetic
2018-10-04,104.39001902552512,synthetic
2018-10-05,104.5083675835918,synthetic
2018-10-08,104.46184933460061,synthetic
2018-10-09,104.09783708440467,synthetic
2018-10-10,103.83027092461954,synthetic
2018-10-11,103.88161292058001,synthetic
2018-10-12,103.9109312794292,synthetic
2018-10-15,103.89436429633383,synthetic
2018-10-16,104.61002269784757,synthetic
2018-10-17,104.53406780997123,synthetic
2018-10-18,104.57812282706915,synthetic
2018-10-19,104.27236507644915,synthetic
2018-10-22,104.16626074470534,synthetic
2018-10-23,104.33627871436019,synthetic
2018-10-24,104.51991487688508,synthetic
2018-10-25,104.47644192846866,synthetic
2018-10-26,104.60609537443713,synthetic
2018-10-29,104.62908477969961,synthetic
2018-10-30,104.04577878673089,synthetic
2018-10-31,103.03384823197725,synthetic
2018-11-01,103.75590493827347,synthetic
2018-11-02,104.02006595346519,synthetic
2018-11-05,104.00755402420518,synthetic
2018-11-06,103.47183153521232,synthetic
2018-11-07,103.08181422592324,synthetic
2018-11-08,103.50715256541173,synthetic
2018-11-09,102.65010691769822,synthetic
2018-11-12,102.55540524485497,synthetic
2018-11-13,102.82812289511084,synthetic
2018-11-14,102.87746070148576,synthetic
2018-11-15,103.11583380953347,synthetic
2018-11-16,103.08039403971654,synthetic
2018-11-19,103.82840278231421,synthetic
2018-11-20,103.51386605027325,synthetic
2018-11-21,103.09685582077829,synthetic
2018-11-22,103.1869602803336,synthetic
2018-11-23,103.63563450875766,synthetic
2018-11-26,103.62343983602483,synthetic
2018-11-27,103.95525562183336,synthetic
2018-11-28,103.79502701908179,synthetic
2018-11-29,103.43177710469945,synthetic
2018-11-30,103.87227285455516,synthetic
2018-12-03,104.3674805372109,synthetic
2018-12-04,104.85385512097406,synthetic
2018-12-05,104.7213242331656,synthetic
2018-12-06,104.36424596982978,synthetic
2018-12-07,104.00396531459566,synthetic
2018-12-10,103.93909689781167,synthetic
2018-12-11,104.12607600635805,synthetic
2018-12-12,104.29046610124632,synthetic
2018-12-13,103.84783806737829,synthetic
2018-12-14,103.9138562615223,synthetic
2018-12-17,103.92457976093186,synthetic
2018-12-18,103.95788078755217,synthetic
2018-12-19,103.95568815467996,synthetic
2018-12-20,103.89792971782026,synthetic
2018-12-21,104.08821883402776,synthetic
2018-12-24,104.1330466524685,synthetic
2018-12-25,104.2086989171754,synthetic
2018-12-26,103.99817399755062,synthetic
2018-12-27,104.12693404890274,synthetic
2018-12-28,104.09429994408787,synthetic
2018-12-31,103.44103445251633,synthetic
2019-01-01,103.59639844375265,synthetic
2019-01-02,103.51946477335176,synthetic
2019-01-03,103.81271995697277,synthetic
2019-01-04,103.7674367307291,synthetic
2019-01-07,103.74282315359804,synthetic
2019-01-08,103.81391858001557,synthetic
2019-01-09,103.81541670635106,synthetic
2019-01-10,103.68149931102953,synthetic
2019-01-11,103.13038813448755,synthetic
2019-01-14,103.70726355440448,synthetic
2019-01-15,103.22239115894745,synthetic
2019-01-16,103.12184314794327,synthetic
2019-01-17,103.3292660457057,synthetic
2019-01-18,103.45230634353385,synthetic
2019-01-21,103.63369348482954,synthetic
2019-01-22,103.8783053351077,synthetic
2019-01-23,104.2779771985677,synthetic
2019-01-24,104.37623768634604,synthetic
2019-01-25,105.29563539505956,synthetic
2019-01-28,104.98124694186912,synthetic
2019-01-29,105.0581357099398,synthetic
2019-01-30,104.94971299690523,synthetic
2019-01-31,104.78345629814974,synthetic
2019-02-01,104.87904095326199,synthetic
2019-02-04,105.34412974008511,synthetic
2019-02-05,105.12517588883027,synthetic
2019-02-06,104.90644198879644,synthetic
2019-02-07,105.13995746067752,synthetic
2019-02-08,105.3169498131645,synthetic
2019-02-11,105.94262180115011,synthetic
2019-02-12,106.27512853408292,synthetic
2019-02-13,106.35367083149347,synthetic
2019-02-14,106.2539452053226,synthetic
2019-02-15,106.32790119425475,synthetic
2019-02-18,106.27733824013315,synthetic
2019-02-19,105.84828580020739,synthetic
2019-02-20,105.85619341736593,synthetic
2019-02-21,105.80588488195916,synthetic
2019-02-22,105.73738480794484,synthetic
2019-02-25,105.60657070345101,synthetic
2019-02-26,106.14868502395832,synthetic
2019-02-27,106.37595863696583,synthetic
2019-02-28,106.68069210403422,synthetic
2019-03-01,106.49171335729342,synthetic
2019-03-04,106.17082023985348,synthetic
2019-03-05,106.08606066399868,synthetic
2019-03-06,106.16907527186345,synthetic
2019-03-07,106.06444555649085,synthetic
2019-03-08,106.00986994315387,synthetic
2019-03-11,106.32138712702492,synthetic
2019-03-12,106.42219272347536,synthetic
2019-03-13,106.11379845625409,synthetic
2019-03-14,105.98293501643731,synthetic
2019-03-15,105.77936586782997,synthetic
2019-03-18,105.8420920709077,synthetic
2019-03-19,105.47738087870752,synthetic
2019-03-20,105.42610580488615,synthetic
2019-03-21,105.65068353682713,synthetic
2019-03-22,105.66507116946477,synthetic
2019-03-25,105.38104237833652,synthetic
2019-03-26,105.19160683439853,synthetic
2019-03-27,105.23611787243188,synthetic
2019-03-28,105.39401088886403,synthetic
2019-03-29,105.664293167614,synthetic
2019-04-01,105.62355324997799,synthetic
2019-04-02,105.21223955779146,synthetic
2019-04-03,105.6682656033487,synthetic
2019-04-04,105.76802746740421,synthetic
2019-04-05,105.90224922705235,synthetic
2019-04-08,106.00465851765378,synthetic
2019-04-09,105.6805189140304,synthetic
2019-04-10,105.5846136771923,synthetic
2019-04-11,105.67141620097111,synthetic
2019-04-12,106.00458170023633,synthetic
2019-04-15,106.02902340199482,synthetic
2019-04-16,105.04649030001102,synthetic
2019-04-17,104.97570717116564,synthetic
2019-04-18,105.09208075205645,synthetic
2019-04-19,105.50608118120276,synthetic
2019-04-22,105.73675285141171,synthetic
2019-04-23,106.53495719160951,synthetic
2019-04-24,106.99650760302848,synthetic
2019-04-25,107.43534084864467,synthetic
2019-04-26,107.74502413216405,synthetic
2019-04-29,107.30446298601827,synthetic
2019-04-30,107.58286563977735,synthetic
2019-05-01,107.78191134727382,synthetic
2019-05-02,107.61733971320957,synthetic
2019-05-03,107.81229679368676,synthetic
2019-05-06,107.95299715355851,synthetic
2019-05-07,107.8078916377927,synthetic
2019-05-08,107.77337989477924,synthetic
2019-05-09,107.69366953775946,synthetic
2019-05-10,107.7735472472336,synthetic
2019-05-13,107.6417426009595,synthetic
2019-05-14,107.82324374660504,synthetic
2019-05-15,107.21010323932806,synthetic
2019-05-16,107.1248210202403,synthetic
2019-05-17,106.59010074411259,synthetic
2019-05-20,106.44111757583491,synthetic
2019-05-21,106.6116460019904,synthetic
2019-05-22,106.62388957985621,synthetic
2019-05-23,106.59383593693737,synthetic
2019-05-24,106.62116766014753,synthetic
2019-05-27,107.12973382694334,synthetic
2019-05-28,106.7801245824355,synthetic
2019-05-29,107.07023374622308,synthetic
2019-05-30,106.59080158004231,synthetic
2019-05-31,106.44675382397476,synthetic
2019-06-03,106.50433498767624,synthetic
2019-06-04,106.23787116973112,synthetic
2019-06-05,106.30858666216038,synthetic
2019-06-06,106.54656684498912,synthetic
2019-06-07,106.17099016450649,synthetic
2019-06-10,106.15165652911877,synthetic
2019-06-11,106.03710657107666,synthetic
2019-06-12,105.42691284465303,synthetic
2019-06-13,105.3730300112408,synthetic
2019-06-14,105.12639720799848,synthetic
2019-06-17,105.55484374358366,synthetic
2019-06-18,105.28321193238737,synthetic
2019-06-19,105.82665149412811,synthetic
2019-06-20,105.66271127243914,synthetic
2019-06-21,106.28418358080243,synthetic
2019-06-24,106.46163130215353,synthetic
2019-06-25,106.6120122536413,synthetic
2019-06-26,106.8753639681606,synthetic
2019-06-27,107.17041765271308,synthetic
2019-06-28,107.62792392276624,synthetic
2019-07-01,108.19425348608715,synthetic
2019-07-02,108.08717892194228,synthetic
2019-07-03,107.68795174287145,synthetic
2019-07-04,106.83359535150953,synthetic
2019-07-05,106.71488812563301,synthetic
2019-07-08,106.9639033998352,synthetic
2019-07-09,107.09074004940256,synthetic
2019-07-10,107.13310902268957,synthetic
2019-07-11,107.02596637404258,synthetic
2019-07-12,106.82601723109835,synthetic
2019-07-15,106.74048138630506,synthetic
2019-07-16,106.8704559400717,synthetic
2019-07-17,106.31151306887539,synthetic
2019-07-18,106.54957313944894,synthetic
2019-07-19,106.08970149577533,synthetic
2019-07-22,106.0446493294324,synthetic
2019-07-23,105.848271794635,synthetic
2019-07-24,105.73628116134648,synthetic
2019-07-25,105.40971483200376,synthetic
2019-07-26,105.05012732647229,synthetic
2019-07-29,104.98185415775082,synthetic
2019-07-30,104.64497391854354,synthetic
2019-07-31,105.42388524763003,synthetic
2019-08-01,105.29607385318391,synthetic
2019-08-02,105.0925378430391,synthetic
2019-08-05,104.92280867757414,synthetic
2019-08-06,104.5893405804055,synthetic
2019-08-07,103.82463882285911,synthetic
2019-08-08,103.74809085819048,synthetic
2019-08-09,103.84784428279106,synthetic
2019-08-12,103.38341741977452,synthetic
2019-08-13,103.38811885780908,synthetic
2019-08-14,103.01652901735997,synthetic
2019-08-15,103.00840424797546,synthetic
2019-08-16,103.12236849775941,synthetic
2019-08-19,103.27552435209479,synthetic
2019-08-20,103.4132640551135,synthetic
2019-08-21,103.19780493400377,synthetic
2019-08-22,103.47339048814297,synthetic
2019-08-23,103.33710355217244,synthetic
2019-08-26,103.44833660630718,synthetic
2019-08-27,103.66989200032693,synthetic
2019-08-28,103.5779609961479,synthetic
2019-08-29,103.1821760691542,synthetic
2019-08-30,103.37481850387681,synthetic
2019-09-02,103.03145218448807,synthetic
2019-09-03,102.7588885982798,synthetic
2019-09-04,102.42200392057421,synthetic
2019-09-05,102.68368412665647,synthetic
2019-09-06,102.63583822205418,synthetic
2019-09-09,101.94817087444478,synthetic
2019-09-10,102.17554919928929,synthetic
2019-09-11,102.81467380323416,synthetic
2019-09-12,103.37375043050918,synthetic
2019-09-13,103.20008942592747,synthetic
2019-09-16,103.22631754634227,synthetic
2019-09-17,103.38625262123483,synthetic
2019-09-18,103.66594119671984,synthetic
2019-09-19,103.67893620286694,synthetic
2019-09-20,103.34118293465117,synthetic
2019-09-23,103.57751212529972,synthetic
2019-09-24,103.77089641679635,synthetic
2019-09-25,103.35948704036444,synthetic
2019-09-26,103.24763116967384,synthetic
2019-09-27,103.33287401993552,synthetic
2019-09-30,103.33384420439526,synthetic
2019-10-01,103.49832738129965,synthetic
2019-10-02,103.74740555509258,synthetic
2019-10-03,103.91786927647695,synthetic
2019-10-04,103.8837449044124,synthetic
2019-10-07,103.46580277273216,synthetic
2019-10-08,103.658699280426,synthetic
2019-10-09,104.09693281908714,synthetic
2019-10-10,104.71728931677895,synthetic
2019-10-11,104.70831136177104,synthetic
2019-10-14,104.69852927631128,synthetic
2019-10-15,105.15525864441499,synthetic
2019-10-16,105.61152887101464,synthetic
2019-10-17,105.72081699732415,synthetic
2019-10-18,105.94836211112568,synthetic
2019-10-21,105.70781178917342,synthetic
2019-10-22,105.8943386312861,synthetic
2019-10-23,105.63327039713955,synthetic
2019-10-24,105.58828823247556,synthetic
2019-10-25,105.55026752798219,synthetic
2019-10-28,105.40285769687051,synthetic
2019-10-29,104.73807457761235,synthetic
2019-10-30,104.47961267417661,synthetic
2019-10-31,104.58494644327787,synthetic
2019-11-01,104.56666454980225,synthetic
2019-11-04,104.44403805582868,synthetic
2019-11-05,104.57924867378071,synthetic
2019-11-06,104.79634591256068,synthetic
2019-11-07,105.06393210782545,synthetic
2019-11-08,104.81043973121233,synthetic
2019-11-11,104.81764068480189,synthetic
2019-11-12,104.71295907421815,synthetic
2019-11-13,104.43764784355878,synthetic
2019-11-14,103.96994307961108,synthetic
2019-11-15,103.93939997638576,synthetic
2019-11-18,103.66762642999282,synthetic
2019-11-19,104.33956527465475,synthetic
2019-11-20,104.30871665374774,synthetic
2019-11-21,104.23849925969917,synthetic
2019-11-22,104.1142228117079,synthetic
2019-11-25,104.70169477287894,synthetic
2019-11-26,104.40626874646168,synthetic
2019-11-27,104.35584839202072,synthetic
2019-11-28,104.11516472025542,synthetic
2019-11-29,104.07622396519747,synthetic
2019-12-02,104.0650369063461,synthetic
2019-12-03,104.40866407978714,synthetic
2019-12-04,103.96598988235046,synthetic
2019-12-05,103.95945078606209,synthetic
2019-12-06,104.46477980422311,synthetic
2019-12-09,104.3050985336834,synthetic
2019-12-10,104.24953759319402,synthetic
2019-12-11,103.97246372833705,synthetic
2019-12-12,103.15892658722973,synthetic
2019-12-13,103.12650424400427,synthetic
2019-12-16,103.49081750309983,synthetic
2019-12-17,103.34561792137642,synthetic
2019-12-18,102.77463328462784,synthetic
2019-12-19,102.85674396512793,synthetic
2019-12-20,102.88106070223074,synthetic
2019-12-23,103.19022540962008,synthetic
2019-12-24,103.47240061189807,synthetic
2019-12-25,103.38848302481745,synthetic
2019-12-26,103.51250046753454,synthetic
2019-12-27,102.95515036664845,synthetic
2019-12-30,103.29965612700585,synthetic
2019-12-31,103.35720101558407,synthetic
2020-01-01,103.69416223643643,synthetic
2020-01-02,104.02519433481675,synthetic
2020-01-03,103.93545551575987,synthetic
2020-01-06,103.88876755910823,synthetic
2020-01-07,103.61638481792053,synthetic
2020-01-08,102.97594412576939,synthetic
2020-01-09,102.93507946014431,synthetic
2020-01-10,102.98243383698905,synthetic
2020-01-13,102.64741988361249,synthetic
2020-01-14,102.86674650017594,synthetic
2020-01-15,102.89703589774695,synthetic
2020-01-16,103.03705577379645,synthetic
2020-01-17,102.79932422237115,synthetic
2020-01-20,102.25648729625406,synthetic
2020-01-21,102.49530569192189,synthetic
2020-01-22,102.68325080336085,synthetic
2020-01-23,102.64932771906233,synthetic
2020-01-24,102.51962819728759,synthetic
2020-01-27,102.43436147315053,synthetic
2020-01-28,102.3921861794143,synthetic
2020-01-29,102.23590469267363,synthetic
2020-01-30,101.62088193817667,synthetic
2020-01-31,101.86015564445806,synthetic
2020-02-03,101.40430839375438,synthetic
2020-02-04,101.30301358334387,synthetic
2020-02-05,101.20977331966486,synthetic
2020-02-06,101.28906726336663,synthetic
2020-02-07,100.79999056849714,synthetic
2020-02-10,101.16579334876486,synthetic
2020-02-11,101.365240845931,synthetic
2020-02-12,101.60008295883569,synthetic
2020-02-13,101.98771563802529,synthetic
2020-02-14,101.74458338965967,synthetic
2020-02-17,100.7930858688617,synthetic
2020-02-18,100.89501601593687,synthetic
2020-02-19,101.29458288062445,synthetic
2020-02-20,101.65022474811975,synthetic
2020-02-21,101.48909021248352,synthetic
2020-02-24,101.46349910071407,synthetic
2020-02-25,101.55301809502306,synthetic
2020-02-26,101.00647988632059,synthetic
2020-02-27,100.80735532517149,synthetic
2020-02-28,100.61804199141187,synthetic
2020-03-02,101.10030922544482,synthetic
2020-03-03,100.90622571638649,synthetic
2020-03-04,101.38639183575029,synthetic
2020-03-05,101.3942176392777,synthetic
2020-03-06,100.8893711997779,synthetic
2020-03-09,101.56693166747625,synthetic
2020-03-10,101.27552683810886,synthetic
2020-03-11,101.46815375909532,synthetic
2020-03-12,101.99377215773838,synthetic
2020-03-13,101.83525021545867,synthetic
2020-03-16,101.46506855690417,synthetic
2020-03-17,101.78750432248592,synthetic
2020-03-18,101.81257278200677,synthetic
2020-03-19,101.44346041038999,synthetic
2020-03-20,101.12000683905359,synthetic
2020-03-23,101.00691844415651,synthetic
2020-03-24,101.30452433736426,synthetic
2020-03-25,101.22238205194687,synthetic
2020-03-26,101.42640474849193,synthetic
2020-03-27,101.93563663643602,synthetic
2020-03-30,102.32969206825037,synthetic
2020-03-31,102.77710476934173,synthetic
2020-04-01,103.16280063519774,synthetic
2020-04-02,102.67131281060936,synthetic
2020-04-03,103.0538408645428,synthetic
2020-04-06,103.16062093643822,synthetic
2020-04-07,103.12728547203686,synthetic
2020-04-08,102.79739983446387,synthetic
2020-04-09,102.31364396774883,synthetic
2020-04-10,101.97826849290877,synthetic
2020-04-13,101.97683142685722,synthetic
2020-04-14,101.62305014169841,synthetic
2020-04-15,101.37950561128821,synthetic
2020-04-16,101.19717391279764,synthetic
2020-04-17,101.40480195927076,synthetic
2020-04-20,101.32010963697094,synthetic
2020-04-21,101.28083718494962,synthetic
2020-04-22,101.68968923031518,synthetic
2020-04-23,101.59681485769711,synthetic
2020-04-24,101.7847115528773,synthetic
2020-04-27,101.46744606652629,synthetic
2020-04-28,101.57276697760078,synthetic
2020-04-29,101.61427243485497,synthetic
2020-04-30,101.672821873563,synthetic
2020-05-01,101.53574490703389,synthetic
2020-05-04,101.22736322274295,synthetic
2020-05-05,101.1414993668717,synthetic
2020-05-06,101.0046542969514,synthetic
2020-05-07,101.32333336442468,synthetic
2020-05-08,101.6047440153453,synthetic
2020-05-11,101.24404237293163,synthetic
2020-05-12,101.43983181647596,synthetic
2020-05-13,101.29900998012178,synthetic
2020-05-14,101.44364261389865,synthetic
2020-05-15,101.30226057318218,synthetic
2020-05-18,100.86100935731017,synthetic
2020-05-19,101.17404246650706,synthetic
2020-05-20,101.31648300099044,synthetic
2020-05-21,100.94966753646447,synthetic
2020-05-22,100.38349638682408,synthetic
2020-05-25,100.2277547297869,synthetic
2020-05-26,99.8780171354873,synthetic
2020-05-27,99.77402399570344,synthetic
2020-05-28,99.96485747255957,synthetic
2020-05-29,100.41142079271378,synthetic
2020-06-01,100.30901276300692,synthetic
2020-06-02,100.72938939806033,synthetic
2020-06-03,101.08690992168042,synthetic
2020-06-04,100.96030118020711,synthetic
2020-06-05,100.4616750996215,synthetic
2020-06-08,100.72430032169333,synthetic
2020-06-09,100.91396343458838,synthetic
2020-06-10,101.63450264498776,synthetic
2020-06-11,102.07709860029314,synthetic
2020-06-12,102.32269200386585,synthetic
2020-06-15,102.8481506093269,synthetic
2020-06-16,102.53126951496877,synthetic
2020-06-17,102.59701289520784,synthetic
2020-06-18,102.51920632464555,synthetic
2020-06-19,103.06297686494027,synthetic
2020-06-22,103.24446978076448,synthetic
2020-06-23,102.30785352933553,synthetic
2020-06-24,102.73626852510853,synthetic
2020-06-25,102.46428544680191,synthetic
2020-06-26,102.7109577457149,synthetic
2020-06-29,102.57124443152011,synthetic
2020-06-30,102.65463397887234,synthetic
2020-07-01,102.8588740270962,synthetic
2020-07-02,102.92742079094069,synthetic
2020-07-03,102.6420903870153,synthetic
2020-07-06,103.08295200933642,synthetic
2020-07-07,103.21511219504129,synthetic
2020-07-08,103.219398393881,synthetic
2020-07-09,103.4479706825585,synthetic
2020-07-10,103.29177487207286,synthetic
2020-07-13,103.88790790140992,synthetic
2020-07-14,103.9682469838202,synthetic
2020-07-15,104.09271651671409,synthetic
2020-07-16,104.2116914260982,synthetic
2020-07-17,103.93732526422927,synthetic
2020-07-20,103.58244169832068,synthetic
2020-07-21,103.66071882023964,synthetic
2020-07-22,103.7812447021507,synthetic
2020-07-23,104.21218034276205,synthetic
2020-07-24,104.36445998346083,synthetic
2020-07-27,104.03509314984564,synthetic
2020-07-28,104.2106753072505,synthetic
2020-07-29,104.48092169576212,synthetic
2020-07-30,104.80711092502808,synthetic
2020-07-31,104.9234105324628,synthetic
2020-08-03,104.55087603082511,synthetic
2020-08-04,104.92710943492128,synthetic
2020-08-05,104.70825695553962,synthetic
2020-08-06,104.89996024924184,synthetic
2020-08-07,104.4173517852562,synthetic
2020-08-10,104.66844159591955,synthetic
2020-08-11,104.43346338844546,synthetic
2020-08-12,104.7843917592258,synthetic
2020-08-13,105.35168815277702,synthetic
2020-08-14,105.73325970530766,synthetic
2020-08-17,105.37456340114306,synthetic
2020-08-18,105.08754956032044,synthetic
2020-08-19,104.82433926759747,synthetic
2020-08-20,105.04378927850348,synthetic
2020-08-21,105.16356802190256,synthetic
2020-08-24,105.22433330636146,synthetic
2020-08-25,105.3327533066638,synthetic
2020-08-26,105.52678614749071,synthetic
2020-08-27,105.74382607104933,synthetic
2020-08-28,106.291798958161,synthetic
2020-08-31,106.28437281871113,synthetic
2020-09-01,106.35960501427002,synthetic
2020-09-02,105.77912583886689,synthetic
2020-09-03,105.3697049646697,synthetic
2020-09-04,105.16035113269199,synthetic
2020-09-07,104.79613972150715,synthetic
2020-09-08,104.87471189479342,synthetic
2020-09-09,105.2117817379844,synthetic
2020-09-10,105.08309187930705,synthetic
2020-09-11,104.93856573755724,synthetic
2020-09-14,104.78574287557363,synthetic
2020-09-15,104.8348156573155,synthetic
2020-09-16,104.67128228688438,synthetic
2020-09-17,104.8128750928628,synthetic
2020-09-18,104.91487301713063,synthetic
2020-09-21,105.03045729874681,synthetic
2020-09-22,105.27843482513111,synthetic
2020-09-23,105.29509740128712,synthetic
2020-09-24,105.3470707775819,synthetic
2020-09-25,105.91102382725956,synthetic
2020-09-28,105.90270495053363,synthetic
2020-09-29,106.1625978758841,synthetic
2020-09-30,106.18564901891341,synthetic
2020-10-01,106.04541165476186,synthetic
2020-10-02,105.90547892181465,synthetic
2020-10-05,105.6504270838307,synthetic
2020-10-06,105.65930759242057,synthetic
2020-10-07,105.47304492795588,synthetic
2020-10-08,105.34422002465588,synthetic
2020-10-09,105.7352511692807,synthetic
2020-10-12,105.69782392077693,synthetic
2020-10-13,106.06489688329415,synthetic
2020-10-14,106.1542973921196,synthetic
2020-10-15,106.43399904590183,synthetic
2020-10-16,106.24390274488552,synthetic
2020-10-19,106.29555503991435,synthetic
2020-10-20,107.14400561705448,synthetic
2020-10-21,107.41486746500583,synthetic
2020-10-22,107.74317141471457,synthetic
2020-10-23,107.82295098907437,synthetic
2020-10-26,108.10491182059187,synthetic
2020-10-27,107.73274080540915,synthetic
2020-10-28,107.46198591251759,synthetic
2020-10-29,107.60413352658311,synthetic
2020-10-30,107.87289075306373,synthetic
2020-11-02,107.74381495283505,synthetic
2020-11-03,107.68661641896803,synthetic
2020-11-04,107.57303086828388,synthetic
2020-11-05,107.5154769451781,synthetic
2020-11-06,107.13178888513313,synthetic
2020-11-09,106.67486049917765,synthetic
2020-11-10,106.65103961785542,synthetic
2020-11-11,106.09859843653166,synthetic
2020-11-12,105.78943081238855,synthetic
2020-11-13,105.58168314261505,synthetic
2020-11-16,105.25000675938833,synthetic
2020-11-17,105.32621203493851,synthetic
2020-11-18,105.18597378947774,synthetic
2020-11-19,105.16070841305265,synthetic
2020-11-20,104.84234875008437,synthetic
2020-11-23,104.60869648363646,synthetic
2020-11-24,104.76873759596269,synthetic
2020-11-25,104.88172098664415,synthetic
2020-11-26,104.73393572254291,synthetic
2020-11-27,104.84645731101817,synthetic
2020-11-30,104.9033279082053,synthetic
2020-12-01,104.95104693352367,synthetic
2020-12-02,105.45160173718426,synthetic
2020-12-03,105.32184492950549,synthetic
2020-12-04,105.4511542576797,synthetic
2020-12-07,105.58102762582425,synthetic
2020-12-08,105.5031278513231,synthetic
2020-12-09,105.13106554367921,synthetic
2020-12-10,105.3448891719823,synthetic
2020-12-11,105.42307635100052,synthetic
2020-12-14,105.43385007856932,synthetic
2020-12-15,105.43595152005922,synthetic
2020-12-16,105.43707867371103,synthetic
2020-12-17,105.14871229725628,synthetic
2020-12-18,105.23455940743715,synthetic
2020-12-21,104.66017680623185,synthetic
2020-12-22,104.6448566626428,synthetic
2020-12-23,104.16867651959086,synthetic
2020-12-24,104.05080989962376,synthetic
2020-12-25,104.26603130827847,synthetic
2020-12-28,104.17630104671481,synthetic
2020-12-29,104.01750272562703,synthetic
2020-12-30,104.16853608544882,synthetic
2020-12-31,104.07474214402097,synthetic
2021-01-01,103.93751129485237,synthetic
2021-01-04,103.80474252065878,synthetic
2021-01-05,104.26612119760011,synthetic
2021-01-06,104.46333156352961,synthetic
2021-01-07,104.60308528915994,synthetic
2021-01-08,104.21902356389033,synthetic
2021-01-11,104.40124552161309,synthetic
2021-01-12,103.98531554324455,synthetic
2021-01-13,104.12293451458947,synthetic
2021-01-14,103.76272449161219,synthetic
2021-01-15,104.35970238405959,synthetic
2021-01-18,103.82115610838416,synthetic
2021-01-19,104.18940866937263,synthetic
2021-01-20,104.42690348134057,synthetic
2021-01-21,103.85898657606629,synthetic
2021-01-22,103.77064389491075,synthetic
2021-01-25,104.20767439477798,synthetic
2021-01-26,104.54970435938496,synthetic
2021-01-27,104.01713791284865,synthetic
2021-01-28,103.84120117221914,synthetic
2021-01-29,103.46241155576138,synthetic
2021-02-01,103.13098421740207,synthetic
2021-02-02,102.91855856862973,synthetic
2021-02-03,103.4744382857169,synthetic
2021-02-04,103.50155862038997,synthetic
2021-02-05,103.41710595034964,synthetic
2021-02-08,103.29889618883148,synthetic
2021-02-09,103.49098562011696,synthetic
2021-02-10,103.69112035342033,synthetic
2021-02-11,103.39098573040899,synthetic
2021-02-12,103.8323291297294,synthetic
2021-02-15,103.48088230095136,synthetic
2021-02-16,103.38013505226989,synthetic
2021-02-17,103.50510844222042,synthetic
2021-02-18,104.02266558467142,synthetic
2021-02-19,103.89974115249768,synthetic
2021-02-22,103.97388650253937,synthetic
2021-02-23,104.36582529519642,synthetic
2021-02-24,104.54600620462463,synthetic
2021-02-25,104.88489266916093,synthetic
2021-02-26,105.19680795224323,synthetic
2021-03-01,105.26357507817781,synthetic
2021-03-02,105.44763956492287,synthetic
2021-03-03,105.72262945475026,synthetic
2021-03-04,105.69846962987847,synthetic
2021-03-05,106.19102616150518,synthetic
2021-03-08,105.54491823540765,synthetic
2021-03-09,105.23855940816667,synthetic
2021-03-10,105.68001538112276,synthetic
2021-03-11,105.800132810369,synthetic
2021-03-12,105.58065857253877,synthetic
2021-03-15,105.68520262028433,synthetic
2021-03-16,106.01498652368421,synthetic
2021-03-17,105.82215998247987,synthetic
2021-03-18,106.05098614594995,synthetic
2021-03-19,105.99695661745999,synthetic
2021-03-22,105.9457599784753,synthetic
2021-03-23,105.90865931226332,synthetic
2021-03-24,106.2472577272467,synthetic
2021-03-25,105.87598358419955,synthetic
2021-03-26,105.74434943204844,synthetic
2021-03-29,105.93971884697315,synthetic
2021-03-30,105.53812718274334,synthetic
2021-03-31,105.02401443698892,synthetic
2021-04-01,105.18859757303933,synthetic
2021-04-02,105.17428909351892,synthetic
2021-04-05,105.11310150383952,synthetic
2021-04-06,105.14323162367145,synthetic
2021-04-07,104.82235498997244,synthetic
2021-04-08,105.72745308506099,synthetic
2021-04-09,105.40102964281651,synthetic
2021-04-12,105.24873970330825,synthetic
2021-04-13,104.78619182960273,synthetic
2021-04-14,104.64090155349938,synthetic
2021-04-15,105.10638645775099,synthetic
2021-04-16,105.09763745965365,synthetic
2021-04-19,105.27059862619356,synthetic
2021-04-20,105.10333037602592,synthetic
2021-04-21,105.66175993268838,synthetic
2021-04-22,105.6989191500006,synthetic
2021-04-23,105.28908958167665,synthetic
2021-04-26,105.5178069002448,synthetic
2021-04-27,105.38611647721014,synthetic
2021-04-28,105.56340262047291,synthetic
2021-04-29,105.59269399683438,synthetic
2021-04-30,105.6613857640827,synthetic
2021-05-03,105.68987631290823,synthetic
2021-05-04,105.38839452586649,synthetic
2021-05-05,104.89981606332191,synthetic
2021-05-06,105.19255220444886,synthetic
2021-05-07,105.13498996830941,synthetic
2021-05-10,105.21027087470281,synthetic
2021-05-11,105.04912461861,synthetic
2021-05-12,104.39869002692105,synthetic
2021-05-13,103.9847984685454,synthetic
2021-05-14,104.40615441758715,synthetic
2021-05-17,104.14564814090292,synthetic
2021-05-18,104.01130045816872,synthetic
2021-05-19,103.53963271139796,synthetic
2021-05-20,103.3609770750413,synthetic
2021-05-21,103.23057436107824,synthetic
2021-05-24,103.14694988553217,synthetic
2021-05-25,103.10904094007489,synthetic
2021-05-26,102.89872773199347,synthetic
2021-05-27,102.70635175788138,synthetic
2021-05-28,102.68679694913578,synthetic
2021-05-31,102.77086533777621,synthetic
2021-06-01,102.71159110323518,synthetic
2021-06-02,103.23431773482402,synthetic
2021-06-03,103.28224125691179,synthetic
2021-06-04,103.31639657056448,synthetic
2021-06-07,103.09744119139634,synthetic
2021-06-08,103.39962029701792,synthetic
2021-06-09,103.06659066671253,synthetic
2021-06-10,102.55147543915645,synthetic
2021-06-11,102.23582319767424,synthetic
2021-06-14,102.40969773251075,synthetic
2021-06-15,102.04250491843906,synthetic
2021-06-16,102.42303350012935,synthetic
2021-06-17,102.39968250887121,synthetic
2021-06-18,101.9186221710393,synthetic
2021-06-21,101.83219163653077,synthetic
2021-06-22,102.36192847891179,synthetic
2021-06-23,102.08160441847947,synthetic
2021-06-24,101.66474043052283,synthetic
2021-06-25,101.80452150880603,synthetic
2021-06-28,102.18753662570501,synthetic
2021-06-29,102.48277291390218,synthetic
2021-06-30,102.36500769545158,synthetic
2021-07-01,102.40579761106584,synthetic
2021-07-02,102.48883050481002,synthetic
2021-07-05,102.83351004099077,synthetic
2021-07-06,103.48146660515405,synthetic
2021-07-07,103.4309780595694,synthetic
2021-07-08,103.81781230409749,synthetic
2021-07-09,103.69364905418777,synthetic
2021-07-12,103.85991992032862,synthetic
2021-07-13,103.55249286437922,synthetic
2021-07-14,103.29838662445908,synthetic
2021-07-15,103.41008704448198,synthetic
2021-07-16,103.11525874718131,synthetic
2021-07-19,103.37297864411553,synthetic
2021-07-20,103.18534317100637,synthetic
2021-07-21,103.19231013760233,synthetic
2021-07-22,103.14944237941775,synthetic
2021-07-23,103.0293324456215,synthetic
2021-07-26,103.05282119378276,synthetic
2021-07-27,103.36997024354864,synthetic
2021-07-28,104.32022480826079,synthetic
2021-07-29,103.93231084417594,synthetic
2021-07-30,104.0087846183112,synthetic
2021-08-02,103.93689344999227,synthetic
2021-08-03,103.63543144735661,synthetic
2021-08-04,103.70740120292888,synthetic
2021-08-05,103.41734131090709,synthetic
2021-08-06,103.37606247270752,synthetic
2021-08-09,103.7441598146502,synthetic
2021-08-10,103.10009281201218,synthetic
2021-08-11,103.15972394978765,synthetic
2021-08-12,103.2810570467652,synthetic
2021-08-13,102.96788780497084,synthetic
2021-08-16,103.11285883945051,synthetic
2021-08-17,103.20466787269714,synthetic
2021-08-18,103.07970925501897,synthetic
2021-08-19,103.43816069253779,synthetic
2021-08-20,103.01629854323016,synthetic
2021-08-23,103.19824440644165,synthetic
2021-08-24,103.10897635723401,synthetic
2021-08-25,102.7657980146861,synthetic
2021-08-26,102.69415225362522,synthetic
2021-08-27,102.56970235697956,synthetic
2021-08-30,102.80502368791844,synthetic
2021-08-31,102.32803965587034,synthetic
2021-09-01,102.2514401578946,synthetic
2021-09-02,102.0949116697844,synthetic
2021-09-03,102.56084239869811,synthetic
2021-09-06,102.20046395938778,synthetic
2021-09-07,102.50850454478888,synthetic
2021-09-08,101.95269962137918,synthetic
2021-09-09,102.04066659641613,synthetic
2021-09-10,101.98151271081883,synthetic
2021-09-13,102.0794104030969,synthetic
2021-09-14,101.84643604890667,synthetic
2021-09-15,101.23403153632509,synthetic
2021-09-16,100.74759935483331,synthetic
2021-09-17,101.12642950224098,synthetic
2021-09-20,101.17219888233818,synthetic
2021-09-21,100.89109542202222,synthetic
2021-09-22,101.14435708748647,synthetic
2021-09-23,100.89886477673193,synthetic
2021-09-24,100.65560587411079,synthetic
2021-09-27,100.27000767048415,synthetic
2021-09-28,100.60454494287656,synthetic
2021-09-29,101.17798735389077,synthetic
2021-09-30,100.86505273297286,synthetic
2021-10-01,100.93160140874141,synthetic
2021-10-04,101.2067636641962,synthetic
2021-10-05,101.8294108413733,synthetic
2021-10-06,101.07774408471654,synthetic
2021-10-07,101.09856466367418,synthetic
2021-10-08,101.27223699058541,synthetic
2021-10-11,100.80133593998377,synthetic
2021-10-12,100.90218575808633,synthetic
2021-10-13,100.93916125660482,synthetic
2021-10-14,101.13546185863399,synthetic
2021-10-15,100.93578961340371,synthetic
2021-10-18,101.03911417352505,synthetic
2021-10-19,100.83250678573987,synthetic
2021-10-20,100.9925315053852,synthetic
2021-10-21,101.01695165171209,synthetic
2021-10-22,100.87922775931733,synthetic
2021-10-25,100.42818921506806,synthetic
2021-10-26,100.90220971839823,synthetic
2021-10-27,101.2146409151334,synthetic
2021-10-28,101.4582321058839,synthetic
2021-10-29,101.23230308342382,synthetic
2021-11-01,101.10207453178177,synthetic
2021-11-02,101.58592660544757,synthetic
2021-11-03,101.78904929695652,synthetic
2021-11-04,101.50540291844685,synthetic
2021-11-05,101.49575170042458,synthetic
2021-11-08,101.51515954883841,synthetic
2021-11-09,101.43081185715774,synthetic
2021-11-10,101.12077247787747,synthetic
2021-11-11,101.47891770559883,synthetic
2021-11-12,101.63541446833516,synthetic
2021-11-15,101.55245440846473,synthetic
2021-11-16,101.0517956143584,synthetic
2021-11-17,100.85276706701175,synthetic
2021-11-18,100.82940498953951,synthetic
2021-11-19,101.07046903631161,synthetic
2021-11-22,100.93690073633142,synthetic
2021-11-23,101.25178572685782,synthetic
2021-11-24,101.27338535150476,synthetic
2021-11-25,101.02672939168575,synthetic
2021-11-26,100.16354548340654,synthetic
2021-11-29,99.7912742408098,synthetic
2021-11-30,99.32634987491006,synthetic
2021-12-01,99.26181079594168,synthetic
2021-12-02,99.34174162875846,synthetic
2021-12-03,99.73793141082662,synthetic
2021-12-06,99.71544996501108,synthetic
2021-12-07,99.35113027472934,synthetic
2021-12-08,100.03645920414172,synthetic
2021-12-09,100.11185656195283,synthetic
2021-12-10,100.01484664536241,synthetic
2021-12-13,99.91846237675328,synthetic
2021-12-14,99.49656383257826,synthetic
2021-12-15,99.66929283498109,synthetic
2021-12-16,99.76403306703712,synthetic
2021-12-17,100.22374226492131,synthetic
2021-12-20,100.53893700148312,synthetic
2021-12-21,100.78470542110966,synthetic
2021-12-22,101.14958623333054,synthetic
2021-12-23,101.04733118068009,synthetic
2021-12-24,100.89716710999687,synthetic
2021-12-27,100.8666734265855,synthetic
2021-12-28,100.47518703905529,synthetic
2021-12-29,100.41723164413263,synthetic
2021-12-30,100.3034937763096,synthetic
2021-12-31,100.49072369212,synthetic
2022-01-03,100.4723825148555,synthetic
2022-01-04,99.88522664989044,synthetic
2022-01-05,99.88107139739672,synthetic
2022-01-06,100.29326353439805,synthetic
2022-01-07,99.72981474868581,synthetic
2022-01-10,99.49044511257507,synthetic
2022-01-11,99.48333719971635,synthetic
2022-01-12,99.07641209132873,synthetic
2022-01-13,98.90166444760636,synthetic
2022-01-14,98.90690043364185,synthetic
2022-01-17,98.50510327776959,synthetic
2022-01-18,98.58126847287568,synthetic
2022-01-19,98.69181393541287,synthetic
2022-01-20,98.30675057293459,synthetic
2022-01-21,98.30470645591434,synthetic
2022-01-24,98.61392698295795,synthetic
2022-01-25,98.55244850780878,synthetic
2022-01-26,98.67213097054544,synthetic
2022-01-27,98.85375620274368,synthetic
2022-01-28,98.77543289617503,synthetic
2022-01-31,99.05860224474965,synthetic
2022-02-01,99.16486135154325,synthetic
2022-02-02,98.86255600458342,synthetic
2022-02-03,99.00997956419053,synthetic
2022-02-04,99.25990150417714,synthetic
2022-02-07,99.49285157332162,synthetic
2022-02-08,99.29414479421064,synthetic
2022-02-09,99.42479644789184,synthetic
2022-02-10,99.82897612803801,synthetic
2022-02-11,99.89234853404639,synthetic
2022-02-14,100.24250695916702,synthetic
2022-02-15,100.62930023956294,synthetic
2022-02-16,100.61349676063102,synthetic
2022-02-17,100.80856944591262,synthetic
2022-02-18,100.71651366148124,synthetic
2022-02-21,101.03579402424339,synthetic
2022-02-22,101.00455501130708,synthetic
2022-02-23,100.83456160990075,synthetic
2022-02-24,100.82351111695749,synthetic
2022-02-25,100.79845542693508,synthetic
2022-02-28,100.91115447991142,synthetic
2022-03-01,101.04938899922065,synthetic
2022-03-02,100.69435972250744,synthetic
2022-03-03,100.4953970049618,synthetic
2022-03-04,100.60180269486698,synthetic
2022-03-07,100.745165351401,synthetic
2022-03-08,100.76943212663387,synthetic
2022-03-09,101.56745109968915,synthetic
2022-03-10,101.90806150740109,synthetic
2022-03-11,101.88431706307969,synthetic
2022-03-14,102.10721911579506,synthetic
2022-03-15,102.51834245366484,synthetic
2022-03-16,102.63168219132518,synthetic
2022-03-17,102.09694377674678,synthetic
2022-03-18,102.1285027383805,synthetic
2022-03-21,102.14625882592729,synthetic
2022-03-22,102.80458902497716,synthetic
2022-03-23,102.24244697973405,synthetic
2022-03-24,102.721388433385,synthetic
2022-03-25,102.67725392454845,synthetic
2022-03-28,102.96891974496442,synthetic
2022-03-29,102.88352472952735,synthetic
2022-03-30,102.9428770134087,synthetic
2022-03-31,103.29855650442576,synthetic
2022-04-01,103.33065684427623,synthetic
2022-04-04,103.66429825024,synthetic
2022-04-05,103.64577551597928,synthetic
2022-04-06,103.52531822065875,synthetic
2022-04-07,103.46452923657179,synthetic
2022-04-08,103.31590532469264,synthetic
2022-04-11,103.28628904265071,synthetic
2022-04-12,103.71714371692639,synthetic
2022-04-13,103.36183563072423,synthetic
2022-04-14,102.85655016476947,synthetic
2022-04-15,102.85942885387948,synthetic
2022-04-18,103.38947376391452,synthetic
2022-04-19,103.72382843395974,synthetic
2022-04-20,104.14571571222542,synthetic
2022-04-21,104.54695106095953,synthetic
2022-04-22,104.32853333964212,synthetic
2022-04-25,104.37595202041233,synthetic
2022-04-26,103.55658668170703,synthetic
2022-04-27,103.37813623735944,synthetic
2022-04-28,103.57765669538381,synthetic
2022-04-29,103.10613674431049,synthetic
2022-05-02,102.48198087050423,synthetic
2022-05-03,102.09490069198858,synthetic
2022-05-04,102.1738474662689,synthetic
2022-05-05,102.54479858376091,synthetic
2022-05-06,103.35676938343776,synthetic
2022-05-09,103.81503927241543,synthetic
2022-05-10,103.35812826472078,synthetic
2022-05-11,102.65562509220514,synthetic
2022-05-12,102.7169064872239,synthetic
2022-05-13,103.05964557874393,synthetic
2022-05-16,102.576795319147,synthetic
2022-05-17,102.43295043423349,synthetic
2022-05-18,102.31225937597526,synthetic
2022-05-19,102.34088638258149,synthetic
2022-05-20,102.30455896199862,synthetic
2022-05-23,102.48274291912213,synthetic
2022-05-24,102.82876646811715,synthetic
2022-05-25,102.87188381809484,synthetic
2022-05-26,103.12536079452741,synthetic
2022-05-27,103.76621063000069,synthetic
2022-05-30,103.471362928086,synthetic
2022-05-31,103.16989098278727,synthetic
2022-06-01,103.35145501750671,synthetic
2022-06-02,103.9518950881935,synthetic
2022-06-03,104.02904820612021,synthetic
2022-06-06,104.3963938037555,synthetic
2022-06-07,104.32608456349948,synthetic
2022-06-08,104.63992407501047,synthetic
2022-06-09,104.47062962819824,synthetic
2022-06-10,104.71013679917668,synthetic
2022-06-13,104.86290304215831,synthetic
2022-06-14,105.01625475462808,synthetic
2022-06-15,105.4808095537456,synthetic
2022-06-16,105.84998920612941,synthetic
2022-06-17,105.69140115592195,synthetic
2022-06-20,106.00469444641585,synthetic
2022-06-21,105.49850255500499,synthetic
2022-06-22,105.84565922730286,synthetic
2022-06-23,106.75712160257858,synthetic
2022-06-24,106.96277533053738,synthetic
2022-06-27,107.16234216844362,synthetic
2022-06-28,107.2200387598102,synthetic
2022-06-29,107.5263071711953,synthetic
2022-06-30,107.42001022177976,synthetic
2022-07-01,107.6766105482752,synthetic
2022-07-04,107.62984832861221,synthetic
2022-07-05,107.53463705957903,synthetic
2022-07-06,107.61715925571673,synthetic
2022-07-07,107.64092551240209,synthetic
2022-07-08,107.12535858210623,synthetic
2022-07-11,107.83906207471206,synthetic
2022-07-12,107.92910441199048,synthetic
2022-07-13,107.4262956616738,synthetic
2022-07-14,107.81942492892786,synthetic
2022-07-15,107.85567555730077,synthetic
2022-07-18,107.96750680183598,synthetic
2022-07-19,108.24263524598983,synthetic
2022-07-20,107.99818159577637,synthetic
2022-07-21,107.09410862812102,synthetic
2022-07-22,107.10756702819545,synthetic
2022-07-25,107.23101953268751,synthetic
2022-07-26,107.59987930611814,synthetic
2022-07-27,107.40156107669914,synthetic
2022-07-28,107.36137177443659,synthetic
2022-07-29,107.53586475229721,synthetic
2022-08-01,107.47964452968885,synthetic
2022-08-02,107.4450087979019,synthetic
2022-08-03,107.57302256443052,synthetic
2022-08-04,107.29776035940114,synthetic
2022-08-05,107.8547917012569,synthetic
2022-08-08,107.60252100676861,synthetic
2022-08-09,107.65988094262165,synthetic
2022-08-10,107.59910363819287,synthetic
2022-08-11,107.41624151250285,synthetic
2022-08-12,107.6342612600886,synthetic
2022-08-15,108.00673686077765,synthetic
2022-08-16,108.52510381298323,synthetic
2022-08-17,108.76035598958262,synthetic
2022-08-18,108.65962679455008,synthetic
2022-08-19,108.98666625893215,synthetic
2022-08-22,108.56051635520095,synthetic
2022-08-23,108.62143452972485,synthetic
2022-08-24,108.83662609095843,synthetic
2022-08-25,109.06560704184439,synthetic
2022-08-26,108.73339561828007,synthetic
2022-08-29,108.28922749523132,synthetic
2022-08-30,108.87339064312015,synthetic
2022-08-31,108.74887767067341,synthetic
2022-09-01,108.25450796994407,synthetic
2022-09-02,107.8937622929507,synthetic
2022-09-05,107.93861452529968,synthetic
2022-09-06,108.36149757138574,synthetic
2022-09-07,108.40014657905598,synthetic
2022-09-08,108.83038922118737,synthetic
2022-09-09,108.9429336523609,synthetic
2022-09-12,109.13538850917381,synthetic
2022-09-13,109.49592387973712,synthetic
2022-09-14,109.40969453733194,synthetic
2022-09-15,109.54372300166682,synthetic
2022-09-16,109.45260580095334,synthetic
2022-09-19,109.27938159624198,synthetic
2022-09-20,109.53015502018701,synthetic
2022-09-21,109.29552520738405,synthetic
2022-09-22,109.35621683748009,synthetic
2022-09-23,109.13089336592438,synthetic
2022-09-26,109.13512899263274,synthetic
2022-09-27,108.99544708183542,synthetic
2022-09-28,109.38625793232892,synthetic
2022-09-29,109.44413786083003,synthetic
2022-09-30,109.50065256568472,synthetic
2022-10-03,110.07406448951524,synthetic
2022-10-04,109.15153447263104,synthetic
2022-10-05,108.81451052515604,synthetic
2022-10-06,107.94995550713969,synthetic
2022-10-07,107.97295052012328,synthetic
2022-10-10,108.13949822276204,synthetic
2022-10-11,108.37228261923147,synthetic
2022-10-12,108.48262306960957,synthetic
2022-10-13,108.22149416856819,synthetic
2022-10-14,108.81388594936796,synthetic
2022-10-17,108.9346593705128,synthetic
2022-10-18,108.86996333934094,synthetic
2022-10-19,108.5242378390418,synthetic
2022-10-20,108.68050407536963,synthetic
2022-10-21,108.53915187125543,synthetic
2022-10-24,108.41087521898386,synthetic
2022-10-25,108.49581629834877,synthetic
2022-10-26,108.58389759911176,synthetic
2022-10-27,108.33345709575015,synthetic
2022-10-28,108.75785451109725,synthetic
2022-10-31,108.44720806307608,synthetic
2022-11-01,108.09983408000804,synthetic
2022-11-02,108.21474531637409,synthetic
2022-11-03,108.27075557355772,synthetic
2022-11-04,108.30775858281653,synthetic
2022-11-07,108.18802096363333,synthetic
2022-11-08,108.215372270312,synthetic
2022-11-09,108.04601088483018,synthetic
2022-11-10,107.52589666156213,synthetic
2022-11-11,107.77613920985765,synthetic
2022-11-14,107.46156340631515,synthetic
2022-11-15,107.40014594535342,synthetic
2022-11-16,107.64816568368143,synthetic
2022-11-17,107.6680037855615,synthetic
2022-11-18,108.56941050191195,synthetic
2022-11-21,108.12632695342968,synthetic
2022-11-22,107.8954414543232,synthetic
2022-11-23,107.93540782317837,synthetic
2022-11-24,108.38679824338547,synthetic
2022-11-25,108.31702234622334,synthetic
2022-11-28,107.86361705063244,synthetic
2022-11-29,108.24486798951379,synthetic
2022-11-30,107.95638901741252,synthetic
2022-12-01,107.90239058047914,synthetic
2022-12-02,108.19815608498362,synthetic
2022-12-05,107.99088749468838,synthetic
2022-12-06,107.85421416220949,synthetic
2022-12-07,108.02154553702404,synthetic
2022-12-08,107.9647484773087,synthetic
2022-12-09,108.06662430850334,synthetic
2022-12-12,107.76900547211163,synthetic
2022-12-13,107.73913025078035,synthetic
2022-12-14,107.39518150504115,synthetic
2022-12-15,106.90264660133262,synthetic
2022-12-16,107.4751661833084,synthetic
2022-12-19,107.62953529859779,synthetic
2022-12-20,107.93354705112975,synthetic
2022-12-21,107.62807334645159,synthetic
2022-12-22,107.6261436624938,synthetic
2022-12-23,107.56703093946902,synthetic
2022-12-26,107.1165874504483,synthetic
2022-12-27,107.29933382068185,synthetic
2022-12-28,107.0741291798798,synthetic
2022-12-29,107.01589134595515,synthetic
2022-12-30,106.53673635201773,synthetic
2023-01-02,106.86134577683151,synthetic
2023-01-03,107.11177762481205,synthetic
2023-01-04,107.24469481136258,synthetic
2023-01-05,106.959262332139,synthetic
2023-01-06,106.79317838974774,synthetic
2023-01-09,107.19207183449205,synthetic
2023-01-10,107.10980995013519,synthetic
2023-01-11,107.2023045991804,synthetic
2023-01-12,107.25426391779334,synthetic
2023-01-13,106.90160349301352,synthetic
2023-01-16,107.39823712044313,synthetic
2023-01-17,106.76758156606866,synthetic
2023-01-18,106.84598344529498,synthetic
2023-01-19,106.82454913743717,synthetic
2023-01-20,106.31392836607311,synthetic
2023-01-23,106.42649140836701,synthetic
2023-01-24,106.59932001959615,synthetic
2023-01-25,106.62247163689256,synthetic
2023-01-26,106.36464102972099,synthetic
2023-01-27,106.51494871096075,synthetic
2023-01-30,106.87839936666063,synthetic
2023-01-31,106.9559987273001,synthetic
2023-02-01,107.51729359681532,synthetic
2023-02-02,107.80152634522263,synthetic
2023-02-03,108.05748857241362,synthetic
2023-02-06,108.51603460982112,synthetic
2023-02-07,108.30785388783235,synthetic
2023-02-08,108.14556306674844,synthetic
2023-02-09,108.31994821384595,synthetic
2023-02-10,108.49588413124388,synthetic
2023-02-13,108.99535819531785,synthetic
2023-02-14,109.3778122641668,synthetic
2023-02-15,109.44280448175107,synthetic
2023-02-16,109.52226257023555,synthetic
2023-02-17,109.4397754986951,synthetic
2023-02-20,109.32836407979958,synthetic
2023-02-21,109.1889505995123,synthetic
2023-02-22,109.49449914411744,synthetic
2023-02-23,109.34929059507314,synthetic
2023-02-24,109.24264375438266,synthetic
2023-02-27,109.30492275919951,synthetic
2023-02-28,109.1474474254651,synthetic
2023-03-01,109.08352700376912,synthetic
2023-03-02,108.38298034792878,synthetic
2023-03-03,108.51664439691459,synthetic
2023-03-06,108.42995983754683,synthetic
2023-03-07,108.50584985352293,synthetic
2023-03-08,108.64016504966374,synthetic
2023-03-09,108.05240953877451,synthetic
2023-03-10,108.85089846139113,synthetic
2023-03-13,108.92218717098756,synthetic
2023-03-14,109.00274729018122,synthetic
2023-03-15,108.44568404054749,synthetic
2023-03-16,108.6765112006592,synthetic
2023-03-17,108.84228037689019,synthetic
2023-03-20,108.75908187034298,synthetic
2023-03-21,108.87717914551821,synthetic
2023-03-22,109.3373100109366,synthetic
2023-03-23,109.27067069124759,synthetic
2023-03-24,109.0202977630402,synthetic
2023-03-27,109.50449864539571,synthetic
2023-03-28,109.64158071633051,synthetic
2023-03-29,109.63456411970232,synthetic
2023-03-30,110.44672369827785,synthetic
2023-03-31,110.55317874285939,synthetic
2023-04-03,110.54969865018234,synthetic
2023-04-04,110.69237092815979,synthetic
2023-04-05,110.61346289001823,synthetic
2023-04-06,110.73882100025857,synthetic
2023-04-07,110.84248650025901,synthetic
2023-04-10,110.67814321492988,synthetic
2023-04-11,110.64511132021235,synthetic
2023-04-12,110.80068818893055,synthetic
2023-04-13,110.9801075416238,synthetic
2023-04-14,111.22598250509414,synthetic
2023-04-17,111.53961593872174,synthetic
2023-04-18,111.6739293332379,synthetic
2023-04-19,111.8977911791579,synthetic
2023-04-20,111.82009809832434,synthetic
2023-04-21,111.78333461109092,synthetic
2023-04-24,112.18091319539933,synthetic
2023-04-25,111.56590768880838,synthetic
2023-04-26,111.73686259388246,synthetic
2023-04-27,112.84803454477799,synthetic
2023-04-28,112.26802923760191,synthetic
2023-05-01,112.81839946823914,synthetic
2023-05-02,112.26754292187367,synthetic
2023-05-03,112.42990113731582,synthetic
2023-05-04,113.01751304292456,synthetic
2023-05-05,113.55947781686291,synthetic
2023-05-08,113.2857475642397,synthetic
2023-05-09,112.87773828455356,synthetic
2023-05-10,112.42325088515271,synthetic
2023-05-11,112.69515936583123,synthetic
2023-05-12,112.59163909175797,synthetic
2023-05-15,112.62096545006396,synthetic
2023-05-16,112.73468796274975,synthetic
2023-05-17,112.89899740313147,synthetic
2023-05-18,113.10513888417562,synthetic
2023-05-19,113.1710448435042,synthetic
2023-05-22,112.65038549925426,synthetic
2023-05-23,113.16613716233174,synthetic
2023-05-24,112.25967206159676,synthetic
2023-05-25,112.69838180900062,synthetic
2023-05-26,112.51600682512286,synthetic
2023-05-29,112.47023548796274,synthetic
2023-05-30,112.314596642999,synthetic
2023-05-31,112.21022590480945,synthetic
2023-06-01,112.22271170327247,synthetic
2023-06-02,112.14801499793073,synthetic
2023-06-05,111.7984171426906,synthetic
2023-06-06,112.10266901202175,synthetic
2023-06-07,111.92663069103222,synthetic
2023-06-08,112.39718450330454,synthetic
2023-06-09,112.36420292237909,synthetic
2023-06-12,112.14497279898251,synthetic
2023-06-13,112.31043684537075,synthetic
2023-06-14,112.62843293253854,synthetic
2023-06-15,112.33498476054284,synthetic
2023-06-16,112.25768592163124,synthetic
2023-06-19,112.75763099957975,synthetic
2023-06-20,112.43857525605434,synthetic
2023-06-21,112.17037434092471,synthetic
2023-06-22,112.24461695189483,synthetic
2023-06-23,111.85439354127826,synthetic
2023-06-26,111.04838243522414,synthetic
2023-06-27,110.51197355880927,synthetic
2023-06-28,110.6539625448277,synthetic
2023-06-29,110.88938291726896,synthetic
2023-06-30,111.104476349166,synthetic
2023-07-03,111.25264884155006,synthetic
2023-07-04,110.85975584975743,synthetic
2023-07-05,111.10317946421274,synthetic
2023-07-06,111.50582824917561,synthetic
2023-07-07,111.29068000456287,synthetic
2023-07-10,111.62389397426875,synthetic
2023-07-11,111.51920266462969,synthetic
2023-07-12,111.60111780187685,synthetic
2023-07-13,111.74264691270939,synthetic
2023-07-14,111.26405244172831,synthetic
2023-07-17,111.77293591790756,synthetic
2023-07-18,111.50496881195045,synthetic
2023-07-19,111.48986428709394,synthetic
2023-07-20,111.34357009279178,synthetic
2023-07-21,111.51553383608135,synthetic
2023-07-24,111.67905122469637,synthetic
2023-07-25,111.70510014829973,synthetic
2023-07-26,112.19900895139797,synthetic
2023-07-27,112.31334483861177,synthetic
2023-07-28,112.19809505757327,synthetic
2023-07-31,111.25202111533166,synthetic
2023-08-01,111.17710597095595,synthetic
2023-08-02,111.09946734708522,synthetic
2023-08-03,110.82863756967681,synthetic
2023-08-04,110.56197691906863,synthetic
2023-08-07,110.77806546515681,synthetic
2023-08-08,111.14510142893556,synthetic
2023-08-09,111.79801985730829,synthetic
2023-08-10,112.20127180631678,synthetic
2023-08-11,111.98274444918592,synthetic
2023-08-14,112.08828511540958,synthetic
2023-08-15,111.6501079684748,synthetic
2023-08-16,111.91452491794446,synthetic
2023-08-17,112.0541146840129,synthetic
2023-08-18,111.86843337598847,synthetic
2023-08-21,111.85247360991721,synthetic
2023-08-22,111.78790054534014,synthetic
2023-08-23,111.59404198213262,synthetic
2023-08-24,112.0566169134038,synthetic
2023-08-25,113.12509207936127,synthetic
2023-08-28,113.42484455948606,synthetic
2023-08-29,113.80541148211054,synthetic
2023-08-30,113.88017428601216,synthetic
2023-08-31,113.78086454000017,synthetic
2023-09-01,114.55299738800717,synthetic
2023-09-04,114.44764639539927,synthetic
2023-09-05,114.6040807038992,synthetic
2023-09-06,114.58351501585467,synthetic
2023-09-07,114.80723435152103,synthetic
2023-09-08,114.81076215412936,synthetic
2023-09-11,115.03579833947664,synthetic
2023-09-12,114.6199644474155,synthetic
2023-09-13,114.60567611627708,synthetic
2023-09-14,115.09832179081748,synthetic
2023-09-15,114.76247509008252,synthetic
2023-09-18,114.55332556415613,synthetic
2023-09-19,115.04580427250197,synthetic
2023-09-20,115.20595864754465,synthetic
2023-09-21,115.5964667637201,synthetic
2023-09-22,114.84341981344036,synthetic
2023-09-25,114.91380661567352,synthetic
2023-09-26,114.49493551051619,synthetic
2023-09-27,114.03779495748667,synthetic
2023-09-28,114.19852517046083,synthetic
2023-09-29,114.62495058914908,synthetic
2023-10-02,114.13097762711959,synthetic
2023-10-03,113.77168203896949,synthetic
2023-10-04,113.59166918578538,synthetic
2023-10-05,113.56767015867818,synthetic
2023-10-06,113.13373305445076,synthetic
2023-10-09,113.92338072249396,synthetic
2023-10-10,114.14361034351032,synthetic
2023-10-11,114.0387942623957,synthetic
2023-10-12,113.87953005681184,synthetic
2023-10-13,114.69636128707666,synthetic
2023-10-16,115.48991783142728,synthetic
2023-10-17,115.33827830326463,synthetic
2023-10-18,115.47671186237756,synthetic
2023-10-19,115.93276068040299,synthetic
2023-10-20,115.53779638651963,synthetic
2023-10-23,115.35096150195398,synthetic
2023-10-24,115.83770191414999,synthetic
2023-10-25,115.61273099634782,synthetic
2023-10-26,115.4788972620444,synthetic
2023-10-27,115.02749298339668,synthetic
2023-10-30,114.7800463437021,synthetic
2023-10-31,115.03263263630458,synthetic
2023-11-01,114.76274046393436,synthetic
2023-11-02,114.3266474866095,synthetic
2023-11-03,114.12434360078394,synthetic
2023-11-06,114.74882526800398,synthetic
2023-11-07,114.82326571122394,synthetic
2023-11-08,114.64217218421604,synthetic
2023-11-09,114.70765862721692,synthetic
2023-11-10,114.87316085754371,synthetic
2023-11-13,114.92718534101941,synthetic
2023-11-14,114.3142957984503,synthetic
2023-11-15,114.42862501201341,synthetic
2023-11-16,114.36587716863936,synthetic
2023-11-17,114.66781790396378,synthetic
2023-11-20,114.21113403264934,synthetic
2023-11-21,114.58301965909877,synthetic
2023-11-22,114.42145624821913,synthetic
2023-11-23,113.84266678312528,synthetic
2023-11-24,114.30975115428018,synthetic
2023-11-27,114.14064985032572,synthetic
2023-11-28,114.27789201658656,synthetic
2023-11-29,114.23024341976243,synthetic
2023-11-30,114.6157594345714,synthetic
2023-12-01,115.00651828855356,synthetic
2023-12-04,115.40195256925062,synthetic
2023-12-05,115.6584973069989,synthetic
2023-12-06,115.10261998029335,synthetic
2023-12-07,114.52599140642742,synthetic
2023-12-08,114.60174558938375,synthetic
2023-12-11,114.27828180135951,synthetic
2023-12-12,114.44537321119991,synthetic
2023-12-13,114.50868391685106,synthetic
2023-12-14,114.02602958626562,synthetic
2023-12-15,113.67483679748173,synthetic
2023-12-18,113.29118000129026,synthetic
2023-12-19,112.9928775192264,synthetic
2023-12-20,112.92737146752863,synthetic
2023-12-21,113.16539271002577,synthetic
2023-12-22,113.62977565265314,synthetic
2023-12-25,113.3016949060752,synthetic
2023-12-26,113.11373629289781,synthetic
2023-12-27,113.65193577416855,synthetic
2023-12-28,113.96494925101696,synthetic
2023-12-29,114.05062310525925,synthetic
2024-01-01,113.24819428037911,synthetic
2024-01-02,112.90827363297043,synthetic
2024-01-03,112.96727179908481,synthetic
2024-01-04,112.77040681918622,synthetic
2024-01-05,113.45667593479654,synthetic
2024-01-08,113.49248652845706,synthetic
2024-01-09,113.59456954076644,synthetic
2024-01-10,113.22171073414285,synthetic
2024-01-11,112.86892868304872,synthetic
2024-01-12,112.64586381416119,synthetic
2024-01-15,112.43697783775337,synthetic
2024-01-16,112.36182632560107,synthetic
2024-01-17,112.49361012175501,synthetic
2024-01-18,112.57899234112546,synthetic
2024-01-19,112.92562843774262,synthetic
2024-01-22,112.46827457723063,synthetic
2024-01-23,112.54446168524883,synthetic
2024-01-24,112.63064493346108,synthetic
2024-01-25,113.17831919937719,synthetic
2024-01-26,113.10787228102312,synthetic
2024-01-29,113.22407766155654,synthetic
2024-01-30,112.94874773982046,synthetic
2024-01-31,113.0980620091335,synthetic
2024-02-01,113.23877580504329,synthetic
2024-02-02,113.02772925308295,synthetic
2024-02-05,112.8817820562793,synthetic
2024-02-06,112.87518176542997,synthetic
2024-02-07,113.07817958115592,synthetic
2024-02-08,112.68920525190104,synthetic
2024-02-09,112.99618415715594,synthetic
2024-02-12,112.88681786200577,synthetic
2024-02-13,113.54308962065537,synthetic
2024-02-14,114.05149737506756,synthetic
2024-02-15,113.91620438397607,synthetic
2024-02-16,113.70446402033032,synthetic
2024-02-19,114.55958039631884,synthetic
2024-02-20,114.78319953912178,synthetic
2024-02-21,114.98560175677765,synthetic
2024-02-22,114.84275499956716,synthetic
2024-02-23,114.80224808937864,synthetic
2024-02-26,115.08771317873101,synthetic
2024-02-27,115.30761436912287,synthetic
2024-02-28,115.02335825975207,synthetic
2024-02-29,115.4626529759821,synthetic
2024-03-01,115.57551138185805,synthetic
2024-03-04,115.24758368333868,synthetic
2024-03-05,115.60078246564878,synthetic
2024-03-06,115.54427717278502,synthetic
2024-03-07,115.82394593537373,synthetic
2024-03-08,115.63465583844558,synthetic
2024-03-11,115.76672258885374,synthetic
2024-03-12,115.20341009466055,synthetic
2024-03-13,115.33884571599579,synthetic
2024-03-14,114.81375378113061,synthetic
2024-03-15,114.87567528380609,synthetic
2024-03-18,114.00141334667424,synthetic
2024-03-19,113.98429751704509,synthetic
2024-03-20,114.23925634198775,synthetic
2024-03-21,114.4123049982734,synthetic
2024-03-22,114.83284137146066,synthetic
2024-03-25,114.46510383583708,synthetic
2024-03-26,115.01524710840539,synthetic
2024-03-27,115.58116985066464,synthetic
2024-03-28,115.16659099338027,synthetic
2024-03-29,114.89442734801435,synthetic
2024-04-01,114.70069830988308,synthetic
2024-04-02,114.69758854917174,synthetic
2024-04-03,114.76701766284621,synthetic
2024-04-04,113.91715580492237,synthetic
2024-04-05,114.12683340180523,synthetic
2024-04-08,114.04342148616973,synthetic
2024-04-09,113.69692198737222,synthetic
2024-04-10,114.02901232813124,synthetic
2024-04-11,113.9145961325062,synthetic
2024-04-12,114.31172949027142,synthetic
2024-04-15,114.50083929576189,synthetic
2024-04-16,114.39437038475738,synthetic
2024-04-17,114.80552005425427,synthetic
2024-04-18,115.09035084016752,synthetic
2024-04-19,114.91876642209341,synthetic
2024-04-22,114.36363866693786,synthetic
2024-04-23,114.17876284261219,synthetic
2024-04-24,114.39630639625355,synthetic
2024-04-25,114.31804428039788,synthetic
2024-04-26,114.93398255015356,synthetic
2024-04-29,115.02884334343321,synthetic
2024-04-30,115.10071189668031,synthetic
2024-05-01,115.2453821662535,synthetic
2024-05-02,114.94194366634628,synthetic
2024-05-03,114.90341352018362,synthetic
2024-05-06,114.67775214550517,synthetic
2024-05-07,113.86993222630937,synthetic
2024-05-08,113.26284768783121,synthetic
2024-05-09,113.51974511586177,synthetic
2024-05-10,113.37125914737925,synthetic
2024-05-13,113.33321026342442,synthetic
2024-05-14,112.83149013735635,synthetic
2024-05-15,112.63462940998559,synthetic
2024-05-16,112.90557421669077,synthetic
2024-05-17,112.94240477167389,synthetic
2024-05-20,112.76903250361877,synthetic
2024-05-21,113.29591482678823,synthetic
2024-05-22,113.2790113547895,synthetic
2024-05-23,113.1628918612851,synthetic
2024-05-24,113.55913752463859,synthetic
2024-05-27,112.96856655100281,synthetic
2024-05-28,113.16081587228145,synthetic
2024-05-29,112.78368434370837,synthetic
2024-05-30,112.51884902556253,synthetic
2024-05-31,112.29002969393497,synthetic
2024-06-03,112.33758491618326,synthetic
2024-06-04,112.37776569745522,synthetic
2024-06-05,112.48464736417222,synthetic
2024-06-06,112.55932936946164,synthetic
2024-06-07,113.04125677355997,synthetic
2024-06-10,113.62433244786443,synthetic
2024-06-11,113.87202677494976,synthetic
2024-06-12,114.1367891754203,synthetic
2024-06-13,114.01118994157943,synthetic
2024-06-14,113.636642057296,synthetic
2024-06-17,113.84393242579768,synthetic
2024-06-18,113.86020820759246,synthetic
2024-06-19,114.15985662239667,synthetic
2024-06-20,113.53579672119545,synthetic
2024-06-21,114.46299291331306,synthetic
2024-06-24,114.0280903060851,synthetic
2024-06-25,114.04447345661052,synthetic
2024-06-26,114.39103316741937,synthetic
2024-06-27,113.91787333536938,synthetic
2024-06-28,113.73189674319146,synthetic
2024-07-01,113.04394311575942,synthetic
2024-07-02,112.5605912659659,synthetic
2024-07-03,111.90756292327025,synthetic
2024-07-04,111.94726532182449,synthetic
2024-07-05,112.05138025618938,synthetic
2024-07-08,111.94856428136386,synthetic
2024-07-09,112.38164784698002,synthetic
2024-07-10,112.85914259454678,synthetic
2024-07-11,112.86160130085929,synthetic
2024-07-12,112.79120812453505,synthetic
2024-07-15,112.70267732598997,synthetic
2024-07-16,112.55347623743067,synthetic
2024-07-17,113.0038609306831,synthetic
2024-07-18,113.09022739526777,synthetic
2024-07-19,112.98204719271875,synthetic
2024-07-22,112.90972191387141,synthetic
2024-07-23,113.10149984969044,synthetic
2024-07-24,112.97076230407849,synthetic
2024-07-25,113.08360071012495,synthetic
2024-07-26,113.07684700310989,synthetic
2024-07-29,113.5464219041863,synthetic
2024-07-30,113.95067841218172,synthetic
2024-07-31,113.46956382049231,synthetic
2024-08-01,113.42040895447505,synthetic
2024-08-02,113.6704522250518,synthetic
2024-08-05,113.52227893056988,synthetic
2024-08-06,113.80666098801412,synthetic
2024-08-07,113.9282140540364,synthetic
2024-08-08,114.13867573454868,synthetic
2024-08-09,114.1232281569974,synthetic
2024-08-12,114.23445047280354,synthetic
2024-08-13,114.4217071736686,synthetic
2024-08-14,113.9208673135121,synthetic
2024-08-15,113.61247056163845,synthetic
2024-08-16,113.26995209598665,synthetic
2024-08-19,113.85361290884822,synthetic
2024-08-20,113.96426860667741,synthetic
2024-08-21,114.09912780788724,synthetic
2024-08-22,114.16548443219216,synthetic
2024-08-23,113.99355312691489,synthetic
2024-08-26,113.74398167420036,synthetic
2024-08-27,114.04261965860161,synthetic
2024-08-28,113.9208822666761,synthetic
2024-08-29,114.47241130862552,synthetic
2024-08-30,114.5470948308887,synthetic
2024-09-02,114.58589209345583,synthetic
2024-09-03,114.51722678217234,synthetic
2024-09-04,114.49884963169185,synthetic
2024-09-05,114.51793083542061,synthetic
2024-09-06,115.05244891989753,synthetic
2024-09-09,115.87358517317296,synthetic
2024-09-10,115.47846502503886,synthetic
2024-09-11,115.57510856322733,synthetic
2024-09-12,115.83003941608757,synthetic
2024-09-13,115.52278604199131,synthetic
2024-09-16,115.31031640377323,synthetic
2024-09-17,115.15930066792893,synthetic
2024-09-18,114.33452966216832,synthetic
2024-09-19,114.56698791908943,synthetic
2024-09-20,114.55911347006679,synthetic
2024-09-23,114.5351860895548,synthetic
2024-09-24,114.57176660441272,synthetic
2024-09-25,114.66626964913843,synthetic
2024-09-26,115.47718155943943,synthetic
2024-09-27,115.54889098600934,synthetic
2024-09-30,115.84846644349878,synthetic
2024-10-01,115.6759649935649,synthetic
2024-10-02,115.8078850744799,synthetic
2024-10-03,115.70731474629915,synthetic
2024-10-04,115.66438564396874,synthetic
2024-10-07,115.35930901029131,synthetic
2024-10-08,115.08533211001152,synthetic
2024-10-09,115.25289026227347,synthetic
2024-10-10,115.52161509165792,synthetic
2024-10-11,115.69164497438604,synthetic
2024-10-14,115.46772139653987,synthetic
2024-10-15,115.58767285647627,synthetic
2024-10-16,114.71858781943499,synthetic
2024-10-17,115.05495128934074,synthetic
2024-10-18,115.05207908835406,synthetic
2024-10-21,115.15646674119266,synthetic
2024-10-22,115.57166967509541,synthetic
2024-10-23,115.43599162768851,synthetic
2024-10-24,115.78093741823976,synthetic
2024-10-25,115.63929980255793,synthetic
2024-10-28,115.84069743149352,synthetic
2024-10-29,115.7107827542636,synthetic
2024-10-30,115.8289201423576,synthetic
2024-10-31,116.34844186340473,synthetic
2024-11-01,116.13348668690195,synthetic
2024-11-04,115.93315271280159,synthetic
2024-11-05,115.83224319904396,synthetic
2024-11-06,115.95058745134327,synthetic
2024-11-07,116.92771149897418,synthetic
2024-11-08,116.73840884710707,synthetic
2024-11-11,116.03772282522282,synthetic
2024-11-12,115.82410601008195,synthetic
2024-11-13,115.28814414657181,synthetic
2024-11-14,115.10902798320589,synthetic
2024-11-15,115.13002048777749,synthetic
2024-11-18,114.81353241834738,synthetic
2024-11-19,114.59372960726557,synthetic
2024-11-20,113.9666732826191,synthetic
2024-11-21,114.04423476263472,synthetic
2024-11-22,113.80327055096086,synthetic
2024-11-25,114.1915627698688,synthetic
2024-11-26,114.56918105178255,synthetic
2024-11-27,114.28615081107611,synthetic
2024-11-28,114.17532575371975,synthetic
2024-11-29,114.21045333312048,synthetic
2024-12-02,114.48795369257716,synthetic
2024-12-03,113.93029296192157,synthetic
2024-12-04,113.92283540742326,synthetic
2024-12-05,114.58061415913528,synthetic
2024-12-06,114.56768425681275,synthetic
2024-12-09,114.66203229991478,synthetic
2024-12-10,114.68062611564464,synthetic
2024-12-11,114.28852833134425,synthetic
2024-12-12,114.63440718730781,synthetic
2024-12-13,114.74606693310153,synthetic
2024-12-16,114.82166897165891,synthetic
2024-12-17,115.09235380022986,synthetic
2024-12-18,115.38488540714573,synthetic
2024-12-19,114.74888984487083,synthetic
2024-12-20,114.93536823060678,synthetic
2024-12-23,114.75411330245855,synthetic
2024-12-24,114.82965148611173,synthetic
2024-12-25,114.60384767091186,synthetic
2024-12-26,114.32642651418509,synthetic
2024-12-27,114.67542529682194,synthetic
2024-12-30,114.69403242353096,synthetic
2024-12-31,114.61832937407563,synthetic
2025-01-01,114.5411302794338,synthetic
2025-01-02,114.59132707284289,synthetic
2025-01-03,114.60841172451151,synthetic
2025-01-06,113.81860427327511,synthetic
2025-01-07,113.5438668715133,synthetic
2025-01-08,113.48691061063634,synthetic
2025-01-09,113.76598422269744,synthetic
2025-01-10,114.25756069639596,synthetic
2025-01-13,113.96229480183655,synthetic
2025-01-14,114.65399205158869,synthetic
2025-01-15,114.71325072727414,synthetic
2025-01-16,114.90946237060186,synthetic
2025-01-17,114.7531188496631,synthetic
2025-01-20,114.57300828954989,synthetic
2025-01-21,115.09809485438224,synthetic
2025-01-22,115.05221092487577,synthetic
2025-01-23,115.04706338428376,synthetic
2025-01-24,115.47942951591907,synthetic
2025-01-27,116.11085143399353,synthetic
2025-01-28,115.62071455515846,synthetic
2025-01-29,115.58773850821018,synthetic
2025-01-30,115.61694771295686,synthetic
2025-01-31,116.28292575602639,synthetic
2025-02-03,117.18266702322843,synthetic
2025-02-04,117.1999104197331,synthetic
2025-02-05,117.36712925452065,synthetic
2025-02-06,117.70930370163256,synthetic
2025-02-07,118.1544824786884,synthetic
2025-02-10,118.07873610944912,synthetic
2025-02-11,118.42164808271575,synthetic
2025-02-12,118.21159468077269,synthetic
2025-02-13,117.30325662360252,synthetic
2025-02-14,116.8566281890703,synthetic
2025-02-17,116.97185713162895,synthetic
2025-02-18,117.28795393550988,synthetic
2025-02-19,116.53456957873765,synthetic
2025-02-20,115.94438368864552,synthetic
2025-02-21,115.97516565012604,synthetic
2025-02-24,114.84476563495659,synthetic
2025-02-25,115.08038212881826,synthetic
2025-02-26,115.48211055642128,synthetic
2025-02-27,114.49533269401253,synthetic
2025-02-28,114.80455733764686,synthetic
2025-03-03,114.78352148346791,synthetic
2025-03-04,115.32036038141048,synthetic
2025-03-05,115.46512260522115,synthetic
2025-03-06,115.42993371764496,synthetic
2025-03-07,115.52007710014598,synthetic
2025-03-10,115.89610149860954,synthetic
2025-03-11,116.01234173401284,synthetic
2025-03-12,116.07699293092543,synthetic
2025-03-13,115.62518649960505,synthetic
2025-03-14,115.84473991358695,synthetic
2025-03-17,115.90746491972409,synthetic
2025-03-18,116.60328348657401,synthetic
2025-03-19,116.65207914374027,synthetic
2025-03-20,116.67539054933339,synthetic
2025-03-21,116.50988279553093,synthetic
2025-03-24,116.81820187737297,synthetic
2025-03-25,116.8013989598594,synthetic
2025-03-26,116.60916910454597,synthetic
2025-03-27,117.22812308008898,synthetic
2025-03-28,117.91403912642879,synthetic
2025-03-31,117.80987313247361,synthetic
2025-04-01,117.5039739803858,synthetic
2025-04-02,117.96045436991241,synthetic
2025-04-03,117.72155598064164,synthetic
2025-04-04,118.78393397085368,synthetic
2025-04-07,118.7935286811291,synthetic
2025-04-08,119.1968582270313,synthetic
2025-04-09,118.79089662959036,synthetic
2025-04-10,118.8371752276701,synthetic
2025-04-11,119.28820356911271,synthetic
2025-04-14,119.50578999855219,synthetic
2025-04-15,119.37228831655865,synthetic
2025-04-16,120.3177220415646,synthetic
2025-04-17,120.64644866358225,synthetic
2025-04-18,120.62415164463954,synthetic
2025-04-21,120.46557155414716,synthetic
2025-04-22,120.42860449408657,synthetic
2025-04-23,120.98109244105439,synthetic
2025-04-24,120.76147430673474,synthetic
2025-04-25,120.8347709212709,synthetic
2025-04-28,120.59790442198484,synthetic
2025-04-29,121.11636622973529,synthetic
2025-04-30,121.11877994511774,synthetic
2025-05-01,121.4960082300611,synthetic
2025-05-02,121.76614766907471,synthetic
2025-05-05,121.61552830993494,synthetic
2025-05-06,121.93502186179562,synthetic
2025-05-07,122.34363335284387,synthetic
2025-05-08,121.98393915215254,synthetic
2025-05-09,122.30565402778358,synthetic
2025-05-12,123.68870391404747,synthetic
2025-05-13,123.64161192420596,synthetic
2025-05-14,123.94406836735193,synthetic
2025-05-15,123.50965211171541,synthetic
2025-05-16,123.74505201946177,synthetic
2025-05-19,123.58930133527205,synthetic
2025-05-20,123.93985720046038,synthetic
2025-05-21,123.98484830366797,synthetic
2025-05-22,123.60890128060818,synthetic
2025-05-23,124.08435740034679,synthetic
2025-05-26,124.06753440223854,synthetic
2025-05-27,123.75160365372848,synthetic
2025-05-28,123.84037109656185,synthetic
2025-05-29,123.54317397968859,synthetic
2025-05-30,123.75492929849062,synthetic
2025-06-02,123.7952375582827,synthetic
2025-06-03,123.72068507496613,synthetic
2025-06-04,124.03452811532816,synthetic
2025-06-05,123.62025915201035,synthetic
2025-06-06,124.04835856504977,synthetic
2025-06-09,123.36219406862105,synthetic
2025-06-10,124.02765942400973,synthetic
2025-06-11,124.16021321491873,synthetic
2025-06-12,124.12539547148309,synthetic
2025-06-13,123.91342500780581,synthetic
2025-06-16,124.18321456242626,synthetic
2025-06-17,124.18755584998634,synthetic
2025-06-18,124.18499924712094,synthetic
2025-06-19,124.63832403508513,synthetic
2025-06-20,124.53910584284485,synthetic
2025-06-23,124.5146084558794,synthetic
2025-06-24,124.74140309449731,synthetic
2025-06-25,125.21238786720893,synthetic
2025-06-26,125.220389821145,synthetic
2025-06-27,125.34596526850672,synthetic
2025-06-30,125.42853708217372,synthetic
2025-07-01,125.77649006664119,synthetic
2025-07-02,126.41154728311659,synthetic
2025-07-03,126.11944267346958,synthetic
2025-07-04,126.13384598382206,synthetic
2025-07-07,126.18126823458222,synthetic
2025-07-08,126.47278955236597,synthetic
2025-07-09,127.11549656441376,synthetic
2025-07-10,127.1748818674538,synthetic
2025-07-11,127.32296476551504,synthetic
2025-07-14,127.82700985496145,synthetic
2025-07-15,127.41136333949223,synthetic
2025-07-16,127.17989383863627,synthetic
2025-07-17,127.0717309257398,synthetic
2025-07-18,127.1344610634059,synthetic
2025-07-21,127.28873977404953,synthetic
2025-07-22,127.15378415014536,synthetic
2025-07-23,127.89771431127241,synthetic
2025-07-24,127.6890214253429,synthetic
2025-07-25,127.67574256740762,synthetic
2025-07-28,128.16295398317843,synthetic
2025-07-29,128.52940931629564,synthetic
2025-07-30,128.5891125892121,synthetic
2025-07-31,128.80123537293412,synthetic
2025-08-01,129.18704888086407,synthetic
2025-08-04,129.2470807378676,synthetic
2025-08-05,129.56704001952406,synthetic
2025-08-06,129.27093018549908,synthetic
2025-08-07,129.3629251560098,synthetic
2025-08-08,128.7822701853422,synthetic
2025-08-11,128.4961602860816,synthetic
2025-08-12,128.11291792613162,synthetic
2025-08-13,128.66294613119945,synthetic
2025-08-14,128.54335580504687,synthetic
2025-08-15,128.72123810734644,synthetic
2025-08-18,128.42040521027002,synthetic
2025-08-19,128.40147197172303,synthetic
2025-08-20,128.352220163242,synthetic
2025-08-21,128.07763085379796,synthetic
2025-08-22,128.47146337171066,synthetic
2025-08-25,127.88122569387656,synthetic
2025-08-26,128.18318104145789,synthetic
2025-08-27,129.28293312697724,synthetic
2025-08-28,129.01737049652095,synthetic
2025-08-29,129.08587284526442,synthetic
2025-09-01,128.52990726928596,synthetic
2025-09-02,128.57377133536207,synthetic
2025-09-03,127.94865326629612,synthetic
2025-09-04,128.24559046958717,synthetic
2025-09-05,128.1039849412751,synthetic
2025-09-08,127.43421775989583,synthetic
2025-09-09,126.98014755720881,synthetic
2025-09-10,126.41350898700983,synthetic
2025-09-11,126.34879669361194,synthetic
2025-09-12,126.72222358796519,synthetic
2025-09-15,126.61145833407699,synthetic
2025-09-16,126.19875117964533,synthetic
2025-09-17,125.91732263169598,synthetic
2025-09-18,126.00117958631293,synthetic
2025-09-19,125.10524933815127,synthetic
2025-09-22,125.36510479855801,synthetic
2025-09-23,125.55482287679733,synthetic
2025-09-24,124.64959878214238,synthetic
2025-09-25,125.13273199260627,synthetic
2025-09-26,124.53935373053565,synthetic
2025-09-29,124.48668787462472,synthetic
2025-09-30,124.96438034607912,synthetic
2025-10-01,124.36762083505378,synthetic
2025-10-02,123.69283219837776,synthetic
2025-10-03,123.29502221582467,synthetic
2025-10-06,122.91113468124024,synthetic
2025-10-07,122.88247407973648,synthetic
2025-10-08,122.70776749690097,synthetic
2025-10-09,122.54344472918807,synthetic
2025-10-10,122.38431516748484,synthetic
2025-10-13,122.33720542726567,synthetic
2025-10-14,122.0382007277888,synthetic
2025-10-15,122.18138156545825,synthetic
2025-10-16,122.20090305078587,synthetic
2025-10-17,121.84120636553949,synthetic
2025-10-20,122.54419814729478,synthetic
2025-10-21,122.08861842565999,synthetic
2025-10-22,122.38485085913265,synthetic
2025-10-23,122.12682409811777,synthetic
2025-10-24,122.2833871072164,synthetic
2025-10-27,122.50125356268168,synthetic
2025-10-28,122.84744201863172,synthetic
2025-10-29,123.40680011707448,synthetic
2025-10-30,123.11306442865889,synthetic
2025-10-31,124.22074780230183,synthetic
2025-11-03,124.40094729642442,synthetic
2025-11-04,124.11837394539093,synthetic
2025-11-05,123.63068252240333,synthetic
2025-11-06,124.55063127471652,synthetic
2025-11-07,125.20949366419744,synthetic
2025-11-10,125.23334782970561,synthetic
2025-11-11,125.55725938361283,synthetic
2025-11-12,126.09687276694285,synthetic
2025-11-13,126.1679126384509,synthetic
2025-11-14,126.03759462162535,synthetic
2025-11-17,126.05789116161222,synthetic
2025-11-18,126.41688023634084,synthetic
2025-11-19,126.45996449348104,synthetic
2025-11-20,126.01891715045117,synthetic
2025-11-21,126.34597686871508,synthetic
2025-11-24,125.71400120601777,synthetic
2025-11-25,125.4601659622322,synthetic
2025-11-26,125.9728909661342,synthetic
2025-11-27,126.10025645759245,synthetic
2025-11-28,126.22612219319267,synthetic
2025-12-01,126.3028491604061,synthetic
2025-12-02,126.73886159332035,synthetic
2025-12-03,126.75466390313835,synthetic
2025-12-04,126.03396141475932,synthetic
2025-12-05,126.16392749637683,synthetic
2025-12-08,125.01792665180673,synthetic
2025-12-09,124.26835496993878,synthetic
2025-12-10,124.90776042407703,synthetic
2025-12-11,125.34107525747261,synthetic
2025-12-12,125.19699748377703,synthetic
2025-12-15,125.20226513746414,synthetic
2025-12-16,125.26911562119295,synthetic
2025-12-17,125.6887489958522,synthetic
2025-12-18,125.42492337774429,synthetic
2025-12-19,125.12000196194494,synthetic
2025-12-22,124.91251834516908,synthetic
2025-12-23,124.9988171401941,synthetic
2025-12-24,125.13328846507802,synthetic
2025-12-25,125.01520587647096,synthetic
2025-12-26,125.34021859669792,synthetic
2025-12-29,124.98064778225304,synthetic
2025-12-30,124.98433517762358,synthetic
2025-12-31,124.7521109939952,synthetic
2026-01-01,124.40031475775756,synthetic
2026-01-02,124.90239150336637,synthetic
2026-01-05,124.81299279322936,synthetic
2026-01-06,124.46103843342189,synthetic
2026-01-07,124.50918503463501,synthetic
2026-01-08,124.15978244377037,synthetic
2026-01-09,124.41995072873677,synthetic
2026-01-12,124.77776784281788,synthetic
2026-01-13,125.20419051862758,synthetic
2026-01-14,124.83135077299504,synthetic
2026-01-15,124.80842223016117,synthetic
2026-01-16,125.54999108186352,synthetic
2026-01-19,125.50098861091645,synthetic
2026-01-20,126.02272647170871,synthetic
2026-01-21,126.648250727051,synthetic
2026-01-22,126.1470700790659,synthetic
2026-01-23,126.65108401756802,synthetic
2026-01-26,126.97862513939882,synthetic
2026-01-27,127.3554801658622,synthetic
2026-01-28,128.05261611965608,synthetic
2026-01-29,128.26885205258313,synthetic
2026-01-30,128.33528789072747,synthetic
2026-02-02,128.61172446342925,synthetic
2026-02-03,128.51145942298476,synthetic
2026-02-04,128.74276660293427,synthetic
2026-02-05,127.98608648909247,synthetic
2026-02-06,128.702452723302,synthetic
2026-02-09,128.52853313754093,synthetic
2026-02-10,128.7773236827579,synthetic
2026-02-11,128.93623960059375,synthetic
2026-02-12,129.013037468575,synthetic
2026-02-13,129.09272625146863,synthetic
2026-02-16,129.15379539693774,synthetic
2026-02-17,128.5414005110208,synthetic
2026-02-18,128.3612693284675,synthetic
2026-02-19,128.86737937949027,synthetic
2026-02-20,128.49894680049613,synthetic
2026-02-23,128.11856296434001,synthetic
2026-02-24,128.98724914323228,synthetic
2026-02-25,129.5006630344842,synthetic
2026-02-26,130.1577470523116,synthetic
2026-02-27,130.1876851608991,synthetic
2026-03-02,130.3300064665465,synthetic
2026-03-03,130.6695951915112,synthetic
2026-03-04,130.9297325962999,synthetic
2026-03-05,130.9290717911106,synthetic
2026-03-06,130.37734876085133,synthetic
2026-03-09,130.1182890461422,synthetic
2026-03-10,129.551603015771,synthetic
2026-03-11,130.21013080603083,synthetic
2026-03-12,130.08194436727806,synthetic
2026-03-13,130.0408257506574,synthetic
2026-03-16,130.18424259810232,synthetic
2026-03-17,130.22062510995326,synthetic
2026-03-18,130.4604160287611,synthetic
2026-03-19,130.24020093238235,synthetic
2026-03-20,129.66204576903658,synthetic
2026-03-23,130.38666233658816,synthetic
2026-03-24,130.12972945977478,synthetic
2026-03-25,129.96691218169642,synthetic
2026-03-26,129.67674234330596,synthetic
2026-03-27,129.48462129825606,synthetic
2026-03-30,129.51714094684007,synthetic
2026-03-31,129.83770581444855,synthetic
2026-04-01,129.44414458972395,synthetic
2026-04-02,129.5819250970718,synthetic
2026-04-03,129.33829014539438,synthetic
2026-04-06,129.8360847192638,synthetic
2026-04-07,129.37073142107215,synthetic
2026-04-08,129.4318181600796,synthetic
2026-04-09,129.7351297258049,synthetic
2026-04-10,129.2188376827192,synthetic
2026-04-13,129.28230088621237,synthetic
2026-04-14,129.35970346034722,synthetic
2026-04-15,129.0647036894745,synthetic
2026-04-16,128.9984822086648,synthetic
2026-04-17,129.40697364698855,synthetic
2026-04-20,129.52205349266777,synthetic
2026-04-21,129.37667449696718,synthetic
2026-04-22,129.31226163324814,synthetic
2026-04-23,129.50565494557694,synthetic
2026-04-24,130.02354924073944,synthetic
2026-04-27,130.35518269624126,synthetic
2026-04-28,130.6617433248459,synthetic
2026-04-29,131.30083537104633,synthetic
2026-04-30,130.70228834158502,synthetic
2026-05-01,130.14895888288007,synthetic
2026-05-04,129.2690548203345,synthetic
2026-05-05,129.61100210380673,synthetic
2026-05-06,128.72825736671984,synthetic
2026-05-07,128.72469868516126,synthetic
2026-05-08,129.03258153807855,synthetic
2026-05-11,128.50044473530082,synthetic
2026-05-12,128.25576388524365,synthetic
2026-05-13,128.16566623914602,synthetic
2026-05-14,128.4609039110082,synthetic
2026-05-15,127.88326569816181,synthetic
2026-05-18,128.0178799827795,synthetic
2026-05-19,128.2991089332473,synthetic
2026-05-20,128.36511031067113,synthetic
2026-05-21,128.4367982597464,synthetic
2026-05-22,128.9329520269125,synthetic
2026-05-25,129.0292541138101,synthetic
2026-05-26,129.0302465459008,synthetic
2026-05-27,128.90931866771908,synthetic
2026-05-28,129.17261896929432,synthetic
2026-05-29,129.0692090847979,synthetic
2026-06-01,129.33338695305616,synthetic
2026-06-02,129.38162145212533,synthetic
2026-06-03,129.83229233521362,synthetic
2026-06-04,129.53163616147654,synthetic
2026-06-05,129.5696538719366,synthetic
2026-06-08,129.7148268126265,synthetic
2026-06-09,129.8852200366037,synthetic
2026-06-10,130.3378319779785,synthetic
2026-06-11,130.50127986769897,synthetic
2026-06-12,130.86621037970733,synthetic
2026-06-15,131.65045992474896,synthetic
2026-06-16,131.99384840080083,synthetic
2026-06-17,131.58228436342827,synthetic
2026-06-18,131.02623926269848,synthetic
2026-06-19,131.29921262560342,synthetic
2026-06-22,131.15855982835458,synthetic
2026-06-23,131.28171427399724,synthetic
2026-06-24,131.22134272171627,synthetic
2026-06-25,131.746962253113,synthetic
2026-06-26,132.23165324811248,synthetic
2026-06-29,131.79193513362696,synthetic
2026-06-30,131.90840635437462,synthetic
2026-07-01,131.79706822515527,synthetic
2026-07-02,131.28678854065112,synthetic
2026-07-03,131.5506618474727,synthetic
2026-07-06,131.50169847625716,synthetic
2026-07-07,131.68483721562444,synthetic
2026-07-08,132.67712887187423,synthetic
2026-07-09,133.21595357545667,synthetic
2026-07-10,133.66677466572872,synthetic
2026-07-13,133.51076018773597,synthetic
2026-07-14,133.04474968819054,synthetic
2026-07-15,133.55269198258966,synthetic
2026-07-16,133.43866125417236,synthetic
2026-07-17,133.46418338393642,synthetic
2026-07-20,133.32088534878076,synthetic
2026-07-21,133.36848814760054,synthetic
2026-07-22,134.34432786860063,synthetic
2026-07-23,134.22462741112244,synthetic
2026-07-24,134.11819001643568,synthetic
2026-07-27,134.20707404992712,synthetic
2026-07-28,134.32914370279886,synthetic
2026-07-29,133.85228629665846,synthetic
2026-07-30,133.14675055781277,synthetic
2026-07-31,132.91992966257772,synthetic
2026-08-03,132.84043494402403,synthetic
2026-08-04,132.53149320706558,synthetic
2026-08-05,132.13731341514418,synthetic
2026-08-06,131.76777181345153,synthetic
2026-08-07,131.61382579733774,synthetic
2026-08-10,131.56771874077862,synthetic
2026-08-11,130.92552156940238,synthetic
2026-08-12,130.70968465494747,synthetic
2026-08-13,130.84834280106531,synthetic
2026-08-14,130.7981551409232,synthetic
2026-08-17,130.2636605309363,synthetic
2026-08-18,130.12195277997446,synthetic
2026-08-19,130.11172847923834,synthetic
2026-08-20,130.40923131068357,synthetic
2026-08-21,129.77125602337813,synthetic
2026-08-24,130.034379904713,synthetic
2026-08-25,129.85025545236613,synthetic
2026-08-26,129.92532177479498,synthetic
2026-08-27,130.187270328431,synthetic
2026-08-28,129.84317980838094,synthetic
2026-08-31,129.52464162147845,synthetic
2026-09-01,129.47534616664677,synthetic
2026-09-02,129.75179797580026,synthetic
2026-09-03,129.53458054747003,synthetic
2026-09-04,128.98087510615153,synthetic
2026-09-07,128.70579190425875,synthetic
2026-09-08,128.84706724185372,synthetic
2026-09-09,129.28835321035453,synthetic
2026-09-10,129.08456865013332,synthetic
2026-09-11,128.95112071549158,synthetic
2026-09-14,128.87349219845433,synthetic
2026-09-15,128.81271496252987,synthetic
2026-09-16,128.43891484142225,synthetic
2026-09-17,128.25987156378653,synthetic
2026-09-18,128.3327385953871,synthetic
2026-09-21,128.36232755702608,synthetic
2026-09-22,128.3607160391979,synthetic
2026-09-23,127.96490874778966,synthetic
2026-09-24,127.74454977780765,synthetic
2026-09-25,127.46210976033261,synthetic
2026-09-28,127.85275638550418,synthetic
2026-09-29,128.39899205074843,synthetic
2026-09-30,128.5199468441393,synthetic
2026-10-01,129.12330684630373,synthetic
2026-10-02,129.0,synthetic
